# Blender 5.1.0
# www.blender.org
mtllib oxygen_tank.mtl
o Cylinder.009
v 0.047090 3.384644 -0.028185
v 0.118885 3.384644 -0.028185
v 0.047090 3.379145 -0.027644
v 0.118885 3.379145 -0.027644
v 0.047090 3.373858 -0.026040
v 0.118885 3.373858 -0.026040
v 0.047090 3.368985 -0.023435
v 0.118885 3.368985 -0.023435
v 0.047090 3.364714 -0.019930
v 0.118885 3.364714 -0.019930
v 0.047090 3.361208 -0.015659
v 0.118885 3.361208 -0.015659
v 0.047090 3.358604 -0.010786
v 0.118885 3.358604 -0.010786
v 0.047090 3.357000 -0.005499
v 0.118885 3.357000 -0.005499
v 0.047090 3.356458 0.000000
v 0.118885 3.356458 0.000000
v 0.047090 3.357000 0.005499
v 0.118885 3.357000 0.005499
v 0.047090 3.358604 0.010786
v 0.118885 3.358604 0.010786
v 0.047090 3.361208 0.015659
v 0.118885 3.361208 0.015659
v 0.047090 3.364714 0.019930
v 0.118885 3.364714 0.019930
v 0.047090 3.368985 0.023435
v 0.118885 3.368985 0.023435
v 0.047090 3.373858 0.026040
v 0.118885 3.373858 0.026040
v 0.047090 3.379145 0.027644
v 0.118885 3.379145 0.027644
v 0.047090 3.384644 0.028185
v 0.118885 3.384644 0.028185
v 0.047090 3.390142 0.027644
v 0.118885 3.390142 0.027644
v 0.047090 3.395430 0.026040
v 0.118885 3.395430 0.026040
v 0.047090 3.400302 0.023435
v 0.118885 3.400302 0.023435
v 0.047090 3.404574 0.019930
v 0.118885 3.404574 0.019930
v 0.047090 3.408079 0.015659
v 0.118885 3.408079 0.015659
v 0.047090 3.410683 0.010786
v 0.118885 3.410683 0.010786
v 0.047090 3.412287 0.005499
v 0.118885 3.412287 0.005499
v 0.047090 3.412829 0.000000
v 0.118885 3.412829 0.000000
v 0.047090 3.412287 -0.005499
v 0.118885 3.412287 -0.005499
v 0.047090 3.410683 -0.010786
v 0.118885 3.410683 -0.010786
v 0.047090 3.408079 -0.015659
v 0.118885 3.408079 -0.015659
v 0.047090 3.404574 -0.019930
v 0.118885 3.404574 -0.019930
v 0.047090 3.400302 -0.023435
v 0.118885 3.400302 -0.023435
v 0.047090 3.395430 -0.026040
v 0.118885 3.395430 -0.026040
v 0.047090 3.390142 -0.027644
v 0.118885 3.390142 -0.027644
v -0.025208 0.165853 -0.415968
v -0.025208 2.508684 -0.415968
v 0.055944 0.165853 -0.407975
v 0.055943 2.508684 -0.407975
v 0.133976 0.165853 -0.384304
v 0.133976 2.508684 -0.384304
v 0.205892 0.165853 -0.345865
v 0.205891 2.508684 -0.345865
v 0.268926 0.165853 -0.294134
v 0.268926 2.508684 -0.294134
v 0.320657 0.165853 -0.231099
v 0.320657 2.508684 -0.231099
v 0.359097 0.165853 -0.159184
v 0.359096 2.508684 -0.159184
v 0.382768 0.165853 -0.081151
v 0.382767 2.508684 -0.081151
v 0.390760 0.165853 -0.000000
v 0.390760 2.508684 -0.000000
v 0.382768 0.165853 0.081151
v 0.382767 2.508684 0.081151
v 0.359097 0.165853 0.159184
v 0.359096 2.508684 0.159184
v 0.320657 0.165853 0.231099
v 0.320657 2.508684 0.231099
v 0.268926 0.165853 0.294134
v 0.268926 2.508684 0.294134
v 0.205892 0.165853 0.345865
v 0.205891 2.508684 0.345865
v 0.133976 0.165853 0.384304
v 0.133976 2.508684 0.384304
v 0.055944 0.165853 0.407975
v 0.055943 2.508684 0.407975
v -0.025208 0.165853 0.415968
v -0.025208 2.508684 0.415968
v -0.106359 0.165853 0.407975
v -0.106359 2.508684 0.407975
v -0.184392 0.165853 0.384304
v -0.184392 2.508684 0.384304
v -0.256307 0.165853 0.345865
v -0.256307 2.508684 0.345865
v -0.319341 0.165853 0.294134
v -0.319342 2.508684 0.294134
v -0.371072 0.165853 0.231099
v -0.371073 2.508684 0.231099
v -0.409512 0.165853 0.159184
v -0.409512 2.508684 0.159184
v -0.433183 0.165853 0.081151
v -0.433183 2.508684 0.081151
v -0.441176 0.165853 0.000000
v -0.441176 2.508684 0.000000
v -0.433183 0.165853 -0.081151
v -0.433183 2.508684 -0.081151
v -0.409512 0.165853 -0.159184
v -0.409512 2.508684 -0.159184
v -0.371072 0.165853 -0.231099
v -0.371073 2.508684 -0.231099
v -0.319341 0.165853 -0.294134
v -0.319342 2.508684 -0.294134
v -0.256307 0.165853 -0.345865
v -0.256307 2.508684 -0.345865
v -0.184392 0.165853 -0.384304
v -0.184392 2.508684 -0.384304
v -0.106359 0.165853 -0.407975
v -0.106359 2.508684 -0.407975
v -0.014991 2.714144 -0.252544
v -0.014991 2.861367 -0.252544
v 0.034278 2.714144 -0.247692
v 0.034278 2.861367 -0.247692
v 0.081654 2.714144 -0.233321
v 0.081654 2.861367 -0.233321
v 0.125315 2.714144 -0.209983
v 0.125315 2.861367 -0.209983
v 0.163585 2.714144 -0.178576
v 0.163585 2.861367 -0.178576
v 0.194992 2.714144 -0.140306
v 0.194992 2.861367 -0.140306
v 0.218330 2.714144 -0.096645
v 0.218330 2.861367 -0.096645
v 0.232701 2.714144 -0.049269
v 0.232701 2.861367 -0.049269
v 0.237554 2.714144 0.000000
v 0.237554 2.861367 0.000000
v 0.232701 2.714144 0.049269
v 0.232701 2.861367 0.049269
v 0.218330 2.714144 0.096645
v 0.218330 2.861367 0.096645
v 0.194992 2.714144 0.140306
v 0.194992 2.861367 0.140306
v 0.163585 2.714144 0.178576
v 0.163585 2.861367 0.178576
v 0.125315 2.714144 0.209983
v 0.125315 2.861367 0.209983
v 0.081654 2.714144 0.233321
v 0.081654 2.861367 0.233321
v 0.034278 2.714144 0.247692
v 0.034278 2.861367 0.247692
v -0.014991 2.714144 0.252544
v -0.014991 2.861367 0.252544
v -0.064260 2.714144 0.247692
v -0.064260 2.861367 0.247692
v -0.111635 2.714144 0.233321
v -0.111635 2.861367 0.233321
v -0.155297 2.714144 0.209983
v -0.155297 2.861367 0.209983
v -0.193567 2.714144 0.178576
v -0.193567 2.861367 0.178576
v -0.224974 2.714144 0.140306
v -0.224974 2.861367 0.140306
v -0.248312 2.714144 0.096645
v -0.248312 2.861367 0.096645
v -0.262683 2.714144 0.049269
v -0.262683 2.861367 0.049269
v -0.267535 2.714144 0.000000
v -0.267535 2.861367 0.000000
v -0.262683 2.714144 -0.049269
v -0.262683 2.861367 -0.049269
v -0.248312 2.714144 -0.096645
v -0.248312 2.861367 -0.096645
v -0.224974 2.714144 -0.140306
v -0.224974 2.861367 -0.140306
v -0.193567 2.714144 -0.178576
v -0.193567 2.861367 -0.178576
v -0.155297 2.714144 -0.209983
v -0.155297 2.861367 -0.209983
v -0.111636 2.714144 -0.233321
v -0.111636 2.861367 -0.233321
v -0.064260 2.714144 -0.247692
v -0.064260 2.861367 -0.247692
v -0.021794 0.004522 -0.394923
v -0.021794 0.165144 -0.394923
v 0.055252 0.004522 -0.387335
v 0.055252 0.165144 -0.387335
v 0.129337 0.004522 -0.364861
v 0.129337 0.165144 -0.364861
v 0.197614 0.004522 -0.328366
v 0.197614 0.165144 -0.328366
v 0.257459 0.004522 -0.279253
v 0.257459 0.165144 -0.279253
v 0.306573 0.004522 -0.219407
v 0.306573 0.165144 -0.219407
v 0.343068 0.004522 -0.151130
v 0.343068 0.165144 -0.151130
v 0.365541 0.004522 -0.077046
v 0.365541 0.165144 -0.077046
v 0.373129 0.004522 -0.000000
v 0.373129 0.165144 -0.000000
v 0.365541 0.004522 0.077046
v 0.365541 0.165144 0.077046
v 0.343068 0.004522 0.151130
v 0.343068 0.165144 0.151130
v 0.306573 0.004522 0.219407
v 0.306573 0.165144 0.219407
v 0.257459 0.004522 0.279253
v 0.257459 0.165144 0.279253
v 0.197614 0.004522 0.328366
v 0.197614 0.165144 0.328366
v 0.129337 0.004522 0.364861
v 0.129337 0.165144 0.364861
v 0.055252 0.004522 0.387335
v 0.055252 0.165144 0.387335
v -0.021794 0.004522 0.394923
v -0.021794 0.165144 0.394923
v -0.098839 0.004522 0.387335
v -0.098839 0.165144 0.387335
v -0.172924 0.004522 0.364861
v -0.172924 0.165144 0.364861
v -0.241201 0.004522 0.328366
v -0.241201 0.165144 0.328366
v -0.301046 0.004522 0.279253
v -0.301046 0.165144 0.279253
v -0.350160 0.004522 0.219407
v -0.350160 0.165144 0.219407
v -0.386655 0.004522 0.151131
v -0.386655 0.165144 0.151131
v -0.409128 0.004522 0.077046
v -0.409128 0.165144 0.077046
v -0.416717 0.004522 0.000000
v -0.416717 0.165144 0.000000
v -0.409128 0.004522 -0.077046
v -0.409128 0.165144 -0.077046
v -0.386655 0.004522 -0.151130
v -0.386655 0.165144 -0.151130
v -0.350160 0.004522 -0.219407
v -0.350160 0.165144 -0.219407
v -0.301046 0.004522 -0.279253
v -0.301046 0.165144 -0.279253
v -0.241201 0.004522 -0.328366
v -0.241201 0.165144 -0.328366
v -0.172924 0.004522 -0.364861
v -0.172924 0.165144 -0.364861
v -0.098839 0.004522 -0.387335
v -0.098839 0.165144 -0.387335
v -0.022039 2.751205 -0.220433
v -0.022039 2.641737 -0.329901
v -0.022039 2.498710 -0.389145
v -0.022039 2.421304 -0.396769
v -0.022039 2.343899 -0.389145
v -0.022039 2.200871 -0.329901
v -0.006938 2.810449 -0.075918
v 0.007582 2.787871 -0.148919
v 0.020965 2.751205 -0.216197
v 0.032695 2.701862 -0.275167
v 0.042321 2.641737 -0.323562
v 0.049474 2.573141 -0.359523
v 0.053879 2.498710 -0.381667
v 0.055366 2.421304 -0.389145
v 0.053879 2.343899 -0.381667
v 0.049474 2.269467 -0.359523
v 0.042321 2.200871 -0.323562
v 0.032695 2.140747 -0.275167
v 0.020965 2.091403 -0.216197
v 0.007583 2.054738 -0.148919
v -0.006938 2.032160 -0.075918
v 0.007582 2.810449 -0.071514
v 0.036066 2.787871 -0.140279
v 0.062317 2.751205 -0.203653
v 0.085325 2.701862 -0.259202
v 0.104208 2.641737 -0.304789
v 0.118239 2.573141 -0.338663
v 0.126880 2.498710 -0.359523
v 0.129797 2.421304 -0.366566
v 0.126880 2.343899 -0.359523
v 0.118239 2.269467 -0.338663
v 0.104208 2.200871 -0.304789
v 0.085325 2.140747 -0.259202
v 0.062317 2.091403 -0.203653
v 0.036066 2.054738 -0.140279
v 0.007583 2.032160 -0.071514
v 0.020965 2.810449 -0.064360
v 0.062317 2.787871 -0.126248
v 0.100426 2.751205 -0.183283
v 0.133830 2.701862 -0.233275
v 0.161244 2.641737 -0.274303
v 0.181614 2.573141 -0.304789
v 0.194158 2.498710 -0.323562
v 0.198393 2.421304 -0.329901
v 0.194158 2.343899 -0.323562
v 0.181614 2.269467 -0.304789
v 0.161244 2.200871 -0.274303
v 0.133830 2.140747 -0.233275
v 0.100427 2.091403 -0.183283
v 0.062317 2.054738 -0.126248
v 0.020965 2.032160 -0.064360
v 0.032695 2.810449 -0.054734
v 0.085325 2.787871 -0.107365
v 0.133830 2.751205 -0.155869
v 0.176345 2.701862 -0.198384
v 0.211236 2.641737 -0.233275
v 0.237162 2.573141 -0.259202
v 0.253127 2.498710 -0.275167
v 0.258518 2.421304 -0.280558
v 0.253127 2.343899 -0.275167
v 0.237162 2.269467 -0.259202
v 0.211236 2.200871 -0.233275
v 0.176345 2.140747 -0.198384
v 0.133830 2.091403 -0.155869
v 0.085325 2.054738 -0.107365
v 0.032695 2.032160 -0.054734
v 0.042321 2.810449 -0.043004
v 0.104208 2.787871 -0.084356
v 0.161244 2.751205 -0.122466
v 0.211236 2.701862 -0.155870
v 0.252263 2.641737 -0.183283
v 0.282749 2.573141 -0.203653
v 0.301523 2.498710 -0.216197
v 0.307862 2.421304 -0.220433
v 0.301523 2.343899 -0.216197
v 0.282749 2.269467 -0.203653
v 0.252263 2.200871 -0.183283
v 0.211236 2.140747 -0.155870
v 0.161244 2.091403 -0.122466
v 0.104208 2.054738 -0.084356
v 0.042321 2.032160 -0.043004
v -0.022039 2.818073 0.000000
v 0.049474 2.810449 -0.029622
v 0.118239 2.787871 -0.058105
v 0.181614 2.751205 -0.084356
v 0.237162 2.701862 -0.107365
v 0.282749 2.641737 -0.126248
v 0.316624 2.573141 -0.140279
v 0.337483 2.498710 -0.148919
v 0.344527 2.421304 -0.151837
v 0.337483 2.343899 -0.148919
v 0.316624 2.269467 -0.140279
v 0.282749 2.200871 -0.126248
v 0.237162 2.140747 -0.107365
v 0.181614 2.091403 -0.084356
v 0.118239 2.054738 -0.058105
v 0.049474 2.032160 -0.029622
v 0.053879 2.810449 -0.015101
v 0.126880 2.787871 -0.029622
v 0.194158 2.751205 -0.043004
v 0.253127 2.701862 -0.054734
v 0.301523 2.641737 -0.064360
v 0.337483 2.573141 -0.071514
v 0.359628 2.498710 -0.075918
v 0.367105 2.421304 -0.077406
v 0.359628 2.343899 -0.075918
v 0.337483 2.269467 -0.071514
v 0.301523 2.200871 -0.064360
v 0.253127 2.140747 -0.054734
v 0.194158 2.091403 -0.043004
v 0.126880 2.054738 -0.029622
v 0.053879 2.032160 -0.015101
v 0.055366 2.810449 0.000000
v 0.129797 2.787871 0.000000
v 0.198393 2.751205 0.000000
v 0.258518 2.701862 -0.000000
v 0.307862 2.641737 0.000000
v 0.344527 2.573141 -0.000000
v 0.367105 2.498710 0.000000
v 0.374729 2.421304 0.000000
v 0.367105 2.343899 0.000000
v 0.344527 2.269467 -0.000000
v 0.307862 2.200871 0.000000
v 0.258518 2.140747 -0.000000
v 0.198393 2.091403 0.000000
v 0.129797 2.054738 0.000000
v 0.055366 2.032160 0.000000
v 0.053879 2.810449 0.015101
v 0.126880 2.787871 0.029622
v 0.194158 2.751205 0.043004
v 0.253127 2.701862 0.054734
v 0.301523 2.641737 0.064361
v 0.337483 2.573141 0.071514
v 0.359628 2.498710 0.075918
v 0.367105 2.421304 0.077406
v 0.359628 2.343899 0.075918
v 0.337483 2.269467 0.071514
v 0.301523 2.200871 0.064361
v 0.253127 2.140747 0.054734
v 0.194158 2.091403 0.043004
v 0.126880 2.054738 0.029622
v 0.053879 2.032160 0.015101
v 0.049474 2.810449 0.029622
v 0.118239 2.787871 0.058105
v 0.181614 2.751205 0.084356
v 0.237162 2.701862 0.107365
v 0.282749 2.641737 0.126248
v 0.316624 2.573141 0.140279
v 0.337483 2.498710 0.148919
v 0.344527 2.421304 0.151837
v 0.337483 2.343899 0.148919
v 0.316624 2.269467 0.140279
v 0.282749 2.200871 0.126248
v 0.237162 2.140747 0.107365
v 0.181614 2.091403 0.084356
v 0.118239 2.054738 0.058105
v 0.049474 2.032160 0.029622
v 0.042321 2.810449 0.043004
v 0.104208 2.787871 0.084356
v 0.161244 2.751205 0.122466
v 0.211236 2.701862 0.155870
v 0.252263 2.641737 0.183283
v 0.282749 2.573141 0.203653
v 0.301523 2.498710 0.216197
v 0.307861 2.421304 0.220433
v 0.301523 2.343899 0.216197
v 0.282749 2.269467 0.203653
v 0.252263 2.200871 0.183283
v 0.211236 2.140747 0.155870
v 0.161244 2.091403 0.122466
v 0.104208 2.054738 0.084356
v 0.042321 2.032160 0.043004
v 0.032695 2.810449 0.054734
v 0.085325 2.787871 0.107365
v 0.133830 2.751205 0.155870
v 0.176345 2.701862 0.198384
v 0.211236 2.641737 0.233275
v 0.237162 2.573141 0.259202
v 0.253127 2.498710 0.275167
v 0.258518 2.421304 0.280558
v 0.253127 2.343899 0.275167
v 0.237162 2.269467 0.259202
v 0.211236 2.200871 0.233275
v 0.176345 2.140747 0.198384
v 0.133830 2.091403 0.155870
v 0.085325 2.054738 0.107365
v 0.032695 2.032160 0.054734
v 0.020965 2.810449 0.064360
v 0.062317 2.787871 0.126248
v 0.100426 2.751205 0.183283
v 0.133830 2.701862 0.233275
v 0.161244 2.641737 0.274303
v 0.181614 2.573141 0.304789
v 0.194158 2.498710 0.323562
v 0.198393 2.421304 0.329901
v 0.194158 2.343899 0.323562
v 0.181614 2.269467 0.304789
v 0.161244 2.200871 0.274303
v 0.133830 2.140747 0.233275
v 0.100426 2.091403 0.183283
v 0.062317 2.054738 0.126248
v 0.020965 2.032160 0.064360
v 0.007582 2.810449 0.071514
v 0.036066 2.787871 0.140279
v 0.062316 2.751205 0.203653
v 0.085325 2.701862 0.259202
v 0.104208 2.641737 0.304789
v 0.118239 2.573141 0.338663
v 0.126880 2.498710 0.359523
v 0.129797 2.421304 0.366566
v 0.126880 2.343899 0.359523
v 0.118239 2.269467 0.338663
v 0.104208 2.200871 0.304789
v 0.085325 2.140747 0.259202
v 0.062317 2.091403 0.203653
v 0.036066 2.054738 0.140279
v 0.007583 2.032160 0.071514
v -0.006938 2.810449 0.075918
v 0.007582 2.787871 0.148919
v 0.020965 2.751205 0.216197
v 0.032695 2.701862 0.275167
v 0.042321 2.641737 0.323562
v 0.049474 2.573141 0.359523
v 0.053879 2.498710 0.381667
v 0.055366 2.421304 0.389145
v 0.053879 2.343899 0.381667
v 0.049474 2.269467 0.359523
v 0.042321 2.200871 0.323562
v 0.032695 2.140747 0.275167
v 0.020965 2.091403 0.216197
v 0.007582 2.054738 0.148919
v -0.006938 2.032160 0.075918
v -0.022039 2.810449 0.077406
v -0.022039 2.787871 0.151837
v -0.022039 2.751205 0.220433
v -0.022039 2.701862 0.280558
v -0.022039 2.641737 0.329901
v -0.022039 2.573141 0.366566
v -0.022039 2.498710 0.389145
v -0.022040 2.421304 0.396768
v -0.022039 2.343899 0.389145
v -0.022039 2.269467 0.366566
v -0.022039 2.200871 0.329901
v -0.022039 2.140747 0.280558
v -0.022039 2.091403 0.220433
v -0.022039 2.054738 0.151837
v -0.022039 2.032160 0.077406
v -0.037141 2.810449 0.075918
v -0.051661 2.787871 0.148919
v -0.065044 2.751205 0.216197
v -0.076774 2.701862 0.275167
v -0.086400 2.641737 0.323562
v -0.093553 2.573141 0.359523
v -0.097958 2.498710 0.381667
v -0.099445 2.421304 0.389145
v -0.097958 2.343899 0.381667
v -0.093553 2.269467 0.359523
v -0.086400 2.200871 0.323562
v -0.076773 2.140747 0.275167
v -0.065044 2.091403 0.216197
v -0.051661 2.054738 0.148919
v -0.037140 2.032160 0.075918
v -0.051661 2.810449 0.071514
v -0.080145 2.787871 0.140279
v -0.106395 2.751205 0.203653
v -0.129404 2.701862 0.259202
v -0.148287 2.641737 0.304789
v -0.162318 2.573141 0.338663
v -0.170959 2.498710 0.359523
v -0.173876 2.421304 0.366566
v -0.170959 2.343899 0.359523
v -0.162318 2.269467 0.338663
v -0.148287 2.200871 0.304789
v -0.129404 2.140747 0.259202
v -0.106395 2.091403 0.203653
v -0.080145 2.054738 0.140279
v -0.051661 2.032160 0.071514
v -0.065044 2.810449 0.064360
v -0.106395 2.787871 0.126248
v -0.144505 2.751205 0.183283
v -0.177909 2.701862 0.233275
v -0.205323 2.641737 0.274303
v -0.225693 2.573141 0.304789
v -0.238237 2.498710 0.323562
v -0.242472 2.421304 0.329901
v -0.238237 2.343899 0.323562
v -0.225693 2.269467 0.304789
v -0.205323 2.200871 0.274303
v -0.177909 2.140747 0.233275
v -0.144505 2.091403 0.183283
v -0.106395 2.054738 0.126248
v -0.065044 2.032160 0.064360
v -0.076774 2.810449 0.054734
v -0.129404 2.787871 0.107365
v -0.177909 2.751205 0.155869
v -0.220424 2.701862 0.198384
v -0.255315 2.641737 0.233275
v -0.281241 2.573141 0.259201
v -0.297206 2.498710 0.275167
v -0.302597 2.421304 0.280557
v -0.297206 2.343899 0.275167
v -0.281241 2.269467 0.259201
v -0.255314 2.200871 0.233275
v -0.220424 2.140747 0.198384
v -0.177909 2.091403 0.155869
v -0.129404 2.054738 0.107365
v -0.076773 2.032160 0.054734
v -0.022039 2.024536 0.000000
v -0.086400 2.810449 0.043004
v -0.148287 2.787871 0.084356
v -0.205323 2.751205 0.122466
v -0.255315 2.701862 0.155870
v -0.296342 2.641737 0.183283
v -0.326828 2.573141 0.203653
v -0.345601 2.498710 0.216197
v -0.351940 2.421304 0.220433
v -0.345601 2.343899 0.216197
v -0.326828 2.269467 0.203653
v -0.296342 2.200871 0.183283
v -0.255315 2.140747 0.155870
v -0.205322 2.091403 0.122466
v -0.148287 2.054738 0.084356
v -0.086400 2.032160 0.043004
v -0.093553 2.810449 0.029622
v -0.162318 2.787871 0.058105
v -0.225693 2.751205 0.084356
v -0.281241 2.701862 0.107365
v -0.326828 2.641737 0.126248
v -0.360702 2.573141 0.140279
v -0.381562 2.498710 0.148919
v -0.388605 2.421304 0.151836
v -0.381562 2.343899 0.148919
v -0.360702 2.269467 0.140279
v -0.326828 2.200871 0.126248
v -0.281241 2.140747 0.107365
v -0.225693 2.091403 0.084356
v -0.162318 2.054738 0.058105
v -0.093553 2.032160 0.029622
v -0.097958 2.810449 0.015101
v -0.170959 2.787871 0.029622
v -0.238237 2.751205 0.043004
v -0.297206 2.701862 0.054734
v -0.345601 2.641737 0.064360
v -0.381562 2.573141 0.071514
v -0.403707 2.498710 0.075918
v -0.411184 2.421304 0.077405
v -0.403707 2.343899 0.075918
v -0.381562 2.269467 0.071514
v -0.345601 2.200871 0.064360
v -0.297206 2.140747 0.054734
v -0.238236 2.091403 0.043004
v -0.170959 2.054738 0.029622
v -0.097958 2.032160 0.015101
v -0.099445 2.810449 0.000000
v -0.173876 2.787871 -0.000000
v -0.242472 2.751205 -0.000000
v -0.302597 2.701862 0.000000
v -0.351940 2.641737 -0.000000
v -0.388606 2.573141 0.000000
v -0.411184 2.498710 -0.000000
v -0.418808 2.421304 -0.000000
v -0.411184 2.343899 -0.000000
v -0.388606 2.269467 0.000000
v -0.351940 2.200871 -0.000000
v -0.302597 2.140747 0.000000
v -0.242472 2.091403 -0.000000
v -0.173876 2.054738 -0.000000
v -0.099445 2.032160 0.000000
v -0.097958 2.810449 -0.015101
v -0.170959 2.787871 -0.029622
v -0.238237 2.751205 -0.043004
v -0.297206 2.701862 -0.054734
v -0.345601 2.641737 -0.064361
v -0.381562 2.573141 -0.071514
v -0.403707 2.498710 -0.075918
v -0.411184 2.421304 -0.077406
v -0.403707 2.343899 -0.075918
v -0.381562 2.269467 -0.071514
v -0.345601 2.200871 -0.064361
v -0.297206 2.140747 -0.054734
v -0.238236 2.091403 -0.043004
v -0.170959 2.054738 -0.029622
v -0.097958 2.032160 -0.015101
v -0.093553 2.810449 -0.029622
v -0.162318 2.787871 -0.058105
v -0.225693 2.751205 -0.084356
v -0.281241 2.701862 -0.107365
v -0.326828 2.641737 -0.126248
v -0.360702 2.573141 -0.140279
v -0.381562 2.498710 -0.148919
v -0.388605 2.421304 -0.151837
v -0.381562 2.343899 -0.148919
v -0.360702 2.269467 -0.140279
v -0.326828 2.200871 -0.126248
v -0.281241 2.140747 -0.107365
v -0.225693 2.091403 -0.084356
v -0.162318 2.054738 -0.058105
v -0.093553 2.032160 -0.029622
v -0.086400 2.810449 -0.043004
v -0.148287 2.787871 -0.084356
v -0.205322 2.751205 -0.122466
v -0.255315 2.701862 -0.155869
v -0.296342 2.641737 -0.183283
v -0.326828 2.573141 -0.203653
v -0.345601 2.498710 -0.216197
v -0.351940 2.421304 -0.220433
v -0.345601 2.343899 -0.216197
v -0.326828 2.269467 -0.203653
v -0.296342 2.200871 -0.183283
v -0.255315 2.140747 -0.155869
v -0.205322 2.091403 -0.122466
v -0.148287 2.054738 -0.084356
v -0.086400 2.032160 -0.043004
v -0.076773 2.810449 -0.054734
v -0.129404 2.787871 -0.107365
v -0.177909 2.751205 -0.155869
v -0.220424 2.701862 -0.198384
v -0.255314 2.641737 -0.233275
v -0.281241 2.573141 -0.259201
v -0.297206 2.498710 -0.275167
v -0.302597 2.421304 -0.280558
v -0.297206 2.343899 -0.275167
v -0.281241 2.269467 -0.259201
v -0.255314 2.200871 -0.233275
v -0.220424 2.140747 -0.198384
v -0.177909 2.091403 -0.155869
v -0.129404 2.054738 -0.107365
v -0.076773 2.032160 -0.054734
v -0.065044 2.810449 -0.064360
v -0.106395 2.787871 -0.126248
v -0.144505 2.751205 -0.183283
v -0.177909 2.701862 -0.233275
v -0.205322 2.641737 -0.274303
v -0.225693 2.573141 -0.304789
v -0.238236 2.498710 -0.323562
v -0.242472 2.421304 -0.329901
v -0.238236 2.343899 -0.323562
v -0.225693 2.269467 -0.304789
v -0.205322 2.200871 -0.274303
v -0.177909 2.140747 -0.233275
v -0.144505 2.091403 -0.183283
v -0.106395 2.054738 -0.126248
v -0.065044 2.032160 -0.064360
v -0.051661 2.810449 -0.071513
v -0.080145 2.787871 -0.140279
v -0.106395 2.751205 -0.203653
v -0.129404 2.701862 -0.259202
v -0.148287 2.641737 -0.304789
v -0.162318 2.573141 -0.338663
v -0.170958 2.498710 -0.359523
v -0.173876 2.421304 -0.366566
v -0.170958 2.343899 -0.359523
v -0.162318 2.269467 -0.338663
v -0.148287 2.200871 -0.304789
v -0.129404 2.140747 -0.259202
v -0.106395 2.091403 -0.203653
v -0.080145 2.054738 -0.140279
v -0.051661 2.032160 -0.071513
v -0.037141 2.810449 -0.075918
v -0.051661 2.787871 -0.148919
v -0.065044 2.751205 -0.216197
v -0.076774 2.701862 -0.275167
v -0.086400 2.641737 -0.323562
v -0.093553 2.573141 -0.359523
v -0.097958 2.498710 -0.381667
v -0.099445 2.421304 -0.389144
v -0.097958 2.343899 -0.381667
v -0.093553 2.269467 -0.359523
v -0.086400 2.200871 -0.323562
v -0.076773 2.140747 -0.275167
v -0.065044 2.091403 -0.216197
v -0.051661 2.054738 -0.148919
v -0.037140 2.032160 -0.075918
v -0.022039 2.810449 -0.077406
v -0.022039 2.787871 -0.151837
v -0.022039 2.701862 -0.280558
v -0.022039 2.573141 -0.366566
v -0.022039 2.269467 -0.366566
v -0.022039 2.140747 -0.280558
v -0.022039 2.091403 -0.220433
v -0.022039 2.054738 -0.151837
v -0.022039 2.032160 -0.077406
v -0.003137 2.858698 -0.146510
v -0.003137 3.151718 -0.146510
v 0.025445 2.858698 -0.143695
v 0.025445 3.151718 -0.143695
v 0.052930 2.858698 -0.135358
v 0.052930 3.151718 -0.135358
v 0.078259 2.858698 -0.121819
v 0.078259 3.151718 -0.121819
v 0.100461 2.858698 -0.103598
v 0.100461 3.151718 -0.103598
v 0.118681 2.858698 -0.081397
v 0.118681 3.151718 -0.081397
v 0.132220 2.858698 -0.056067
v 0.132220 3.151718 -0.056067
v 0.140558 2.858698 -0.028583
v 0.140558 3.151718 -0.028583
v 0.143373 2.858698 0.000000
v 0.143373 3.151718 0.000000
v 0.140558 2.858698 0.028583
v 0.140558 3.151718 0.028583
v 0.132220 2.858698 0.056067
v 0.132220 3.151718 0.056067
v 0.118681 2.858698 0.081397
v 0.118681 3.151718 0.081397
v 0.100461 2.858698 0.103598
v 0.100461 3.151718 0.103598
v 0.078259 2.858698 0.121819
v 0.078259 3.151718 0.121819
v 0.052930 2.858698 0.135358
v 0.052930 3.151718 0.135358
v 0.025445 2.858698 0.143695
v 0.025445 3.151718 0.143695
v -0.003137 2.858698 0.146510
v -0.003137 3.151718 0.146510
v -0.031720 2.858698 0.143695
v -0.031720 3.151718 0.143695
v -0.059204 2.858698 0.135358
v -0.059204 3.151718 0.135358
v -0.084534 2.858698 0.121819
v -0.084534 3.151718 0.121819
v -0.106736 2.858698 0.103598
v -0.106736 3.151718 0.103598
v -0.124956 2.858698 0.081397
v -0.124956 3.151718 0.081397
v -0.138495 2.858698 0.056067
v -0.138495 3.151718 0.056067
v -0.146832 2.858698 0.028583
v -0.146832 3.151718 0.028583
v -0.149647 2.858698 0.000000
v -0.149647 3.151718 0.000000
v -0.146832 2.858698 -0.028583
v -0.146832 3.151718 -0.028583
v -0.138495 2.858698 -0.056067
v -0.138495 3.151718 -0.056067
v -0.124956 2.858698 -0.081397
v -0.124956 3.151718 -0.081397
v -0.106736 2.858698 -0.103598
v -0.106736 3.151718 -0.103598
v -0.084534 2.858698 -0.121819
v -0.084534 3.151718 -0.121819
v -0.059204 2.858698 -0.135358
v -0.059204 3.151718 -0.135358
v -0.031720 2.858698 -0.143695
v -0.031720 3.151718 -0.143695
v -0.009865 3.149731 -0.091223
v -0.009865 3.236541 -0.091223
v 0.007932 3.149731 -0.089470
v 0.007932 3.236541 -0.089470
v 0.025045 3.149731 -0.084279
v 0.025045 3.236541 -0.084279
v 0.040816 3.149731 -0.075849
v 0.040816 3.236541 -0.075849
v 0.054640 3.149731 -0.064505
v 0.054640 3.236541 -0.064505
v 0.065985 3.149731 -0.050681
v 0.065985 3.236541 -0.050681
v 0.074415 3.149731 -0.034910
v 0.074415 3.236541 -0.034910
v 0.079606 3.149731 -0.017797
v 0.079606 3.236541 -0.017797
v 0.081359 3.149731 0.000000
v 0.081359 3.236541 0.000000
v 0.079606 3.149731 0.017797
v 0.079606 3.236541 0.017797
v 0.074415 3.149731 0.034910
v 0.074415 3.236541 0.034910
v 0.065985 3.149731 0.050681
v 0.065985 3.236541 0.050681
v 0.054640 3.149731 0.064505
v 0.054640 3.236541 0.064505
v 0.040816 3.149731 0.075849
v 0.040816 3.236541 0.075849
v 0.025045 3.149731 0.084279
v 0.025045 3.236541 0.084279
v 0.007932 3.149731 0.089470
v 0.007932 3.236541 0.089470
v -0.009865 3.149731 0.091223
v -0.009865 3.236541 0.091223
v -0.027661 3.149731 0.089470
v -0.027661 3.236541 0.089470
v -0.044774 3.149731 0.084279
v -0.044774 3.236541 0.084279
v -0.060546 3.149731 0.075849
v -0.060546 3.236541 0.075849
v -0.074369 3.149731 0.064505
v -0.074369 3.236541 0.064505
v -0.085714 3.149731 0.050681
v -0.085714 3.236541 0.050681
v -0.094144 3.149731 0.034910
v -0.094144 3.236541 0.034910
v -0.099335 3.149731 0.017797
v -0.099335 3.236541 0.017797
v -0.101088 3.149731 0.000000
v -0.101088 3.236541 0.000000
v -0.099335 3.149731 -0.017797
v -0.099335 3.236541 -0.017797
v -0.094144 3.149731 -0.034910
v -0.094144 3.236541 -0.034910
v -0.085714 3.149731 -0.050681
v -0.085714 3.236541 -0.050681
v -0.074369 3.149731 -0.064505
v -0.074369 3.236541 -0.064505
v -0.060546 3.149731 -0.075849
v -0.060546 3.236541 -0.075849
v -0.044774 3.149731 -0.084279
v -0.044774 3.236541 -0.084279
v -0.027661 3.149731 -0.089470
v -0.027661 3.236541 -0.089470
v -0.009865 3.172043 -0.058603
v -0.009865 3.445724 -0.058603
v 0.001568 3.172043 -0.057477
v 0.001568 3.445724 -0.057477
v 0.012562 3.172043 -0.054142
v 0.012562 3.445724 -0.054142
v 0.022694 3.172043 -0.048727
v 0.022694 3.445724 -0.048727
v 0.031574 3.172043 -0.041439
v 0.031574 3.445724 -0.041439
v 0.038862 3.172043 -0.032558
v 0.038862 3.445724 -0.032558
v 0.044278 3.172043 -0.022426
v 0.044278 3.445724 -0.022426
v 0.047613 3.172043 -0.011433
v 0.047613 3.445724 -0.011433
v 0.048739 3.172043 0.000000
v 0.048739 3.445724 0.000000
v 0.047613 3.172043 0.011433
v 0.047613 3.445724 0.011433
v 0.044278 3.172043 0.022426
v 0.044278 3.445724 0.022426
v 0.038862 3.172043 0.032558
v 0.038862 3.445724 0.032558
v 0.031574 3.172043 0.041439
v 0.031574 3.445724 0.041439
v 0.022694 3.172043 0.048727
v 0.022694 3.445724 0.048727
v 0.012562 3.172043 0.054142
v 0.012562 3.445724 0.054142
v 0.001568 3.172043 0.057477
v 0.001568 3.445724 0.057477
v -0.009865 3.172043 0.058603
v -0.009865 3.445724 0.058603
v -0.021297 3.172043 0.057477
v -0.021298 3.445724 0.057477
v -0.032291 3.172043 0.054142
v -0.032291 3.445724 0.054142
v -0.042423 3.172043 0.048727
v -0.042423 3.445724 0.048727
v -0.051303 3.172043 0.041439
v -0.051303 3.445724 0.041439
v -0.058591 3.172043 0.032558
v -0.058591 3.445724 0.032558
v -0.064007 3.172043 0.022426
v -0.064007 3.445724 0.022426
v -0.067342 3.172043 0.011433
v -0.067342 3.445724 0.011433
v -0.068468 3.172043 0.000000
v -0.068468 3.445724 0.000000
v -0.067342 3.172043 -0.011433
v -0.067342 3.445724 -0.011433
v -0.064007 3.172043 -0.022426
v -0.064007 3.445724 -0.022426
v -0.058591 3.172043 -0.032558
v -0.058591 3.445724 -0.032558
v -0.051303 3.172043 -0.041439
v -0.051303 3.445724 -0.041439
v -0.042423 3.172043 -0.048727
v -0.042423 3.445724 -0.048727
v -0.032291 3.172043 -0.054142
v -0.032291 3.445724 -0.054142
v -0.021297 3.172043 -0.057477
v -0.021298 3.445724 -0.057477
v -0.009865 3.443379 -0.028185
v -0.009865 3.515174 -0.028185
v -0.004366 3.443379 -0.027644
v -0.004366 3.515174 -0.027644
v 0.000921 3.443379 -0.026040
v 0.000921 3.515174 -0.026040
v 0.005794 3.443379 -0.023435
v 0.005794 3.515174 -0.023435
v 0.010065 3.443379 -0.019930
v 0.010065 3.515174 -0.019930
v 0.013571 3.443379 -0.015659
v 0.013571 3.515174 -0.015659
v 0.016175 3.443379 -0.010786
v 0.016175 3.515174 -0.010786
v 0.017779 3.443379 -0.005499
v 0.017779 3.515174 -0.005499
v 0.018321 3.443379 0.000000
v 0.018321 3.515174 0.000000
v 0.017779 3.443379 0.005499
v 0.017779 3.515174 0.005499
v 0.016175 3.443379 0.010786
v 0.016175 3.515174 0.010786
v 0.013571 3.443379 0.015659
v 0.013571 3.515174 0.015659
v 0.010065 3.443379 0.019930
v 0.010065 3.515174 0.019930
v 0.005794 3.443379 0.023435
v 0.005794 3.515174 0.023435
v 0.000921 3.443379 0.026040
v 0.000921 3.515174 0.026040
v -0.004366 3.443379 0.027644
v -0.004366 3.515174 0.027644
v -0.009865 3.443379 0.028185
v -0.009865 3.515174 0.028185
v -0.015363 3.443379 0.027644
v -0.015363 3.515174 0.027644
v -0.020651 3.443379 0.026040
v -0.020651 3.515174 0.026040
v -0.025523 3.443379 0.023435
v -0.025523 3.515174 0.023435
v -0.029795 3.443379 0.019930
v -0.029795 3.515174 0.019930
v -0.033300 3.443379 0.015659
v -0.033300 3.515174 0.015659
v -0.035904 3.443379 0.010786
v -0.035904 3.515174 0.010786
v -0.037508 3.443379 0.005499
v -0.037508 3.515174 0.005499
v -0.038050 3.443379 0.000000
v -0.038050 3.515174 0.000000
v -0.037508 3.443379 -0.005499
v -0.037508 3.515174 -0.005499
v -0.035904 3.443379 -0.010786
v -0.035904 3.515174 -0.010786
v -0.033300 3.443379 -0.015659
v -0.033300 3.515174 -0.015659
v -0.029795 3.443379 -0.019930
v -0.029795 3.515174 -0.019930
v -0.025523 3.443379 -0.023435
v -0.025523 3.515174 -0.023435
v -0.020651 3.443379 -0.026040
v -0.020651 3.515174 -0.026040
v -0.015363 3.443379 -0.027644
v -0.015363 3.515174 -0.027644
v -0.009865 3.507101 -0.081215
v -0.009865 3.554011 -0.081215
v 0.005980 3.507101 -0.079655
v 0.005980 3.554011 -0.079655
v 0.021215 3.507101 -0.075033
v 0.021215 3.554011 -0.075033
v 0.035256 3.507101 -0.067528
v 0.035256 3.554011 -0.067528
v 0.047563 3.507101 -0.057428
v 0.047563 3.554011 -0.057428
v 0.057664 3.507101 -0.045121
v 0.057664 3.554011 -0.045121
v 0.065169 3.507101 -0.031080
v 0.065169 3.554011 -0.031080
v 0.069790 3.507101 -0.015844
v 0.069790 3.554011 -0.015844
v 0.071351 3.507101 0.000000
v 0.071351 3.554011 0.000000
v 0.069790 3.507101 0.015844
v 0.069790 3.554011 0.015844
v 0.065169 3.507101 0.031080
v 0.065169 3.554011 0.031080
v 0.057664 3.507101 0.045121
v 0.057664 3.554011 0.045121
v 0.047563 3.507101 0.057428
v 0.047563 3.554011 0.057428
v 0.035256 3.507101 0.067528
v 0.035256 3.554011 0.067528
v 0.021215 3.507101 0.075033
v 0.021215 3.554011 0.075033
v 0.005980 3.507101 0.079655
v 0.005980 3.554011 0.079655
v -0.009865 3.507101 0.081215
v -0.009865 3.554011 0.081215
v -0.025709 3.507101 0.079655
v -0.025709 3.554011 0.079655
v -0.040944 3.507101 0.075033
v -0.040944 3.554011 0.075033
v -0.054985 3.507101 0.067528
v -0.054985 3.554011 0.067528
v -0.067293 3.507101 0.057428
v -0.067293 3.554011 0.057428
v -0.077393 3.507101 0.045121
v -0.077393 3.554011 0.045121
v -0.084898 3.507101 0.031080
v -0.084898 3.554011 0.031080
v -0.089520 3.507101 0.015844
v -0.089520 3.554011 0.015844
v -0.091080 3.507101 0.000000
v -0.091080 3.554011 0.000000
v -0.089520 3.507101 -0.015844
v -0.089520 3.554011 -0.015844
v -0.084898 3.507101 -0.031080
v -0.084898 3.554011 -0.031080
v -0.077393 3.507101 -0.045121
v -0.077393 3.554011 -0.045121
v -0.067293 3.507101 -0.057428
v -0.067293 3.554011 -0.057428
v -0.054986 3.507101 -0.067528
v -0.054986 3.554011 -0.067528
v -0.040944 3.507101 -0.075033
v -0.040944 3.554011 -0.075033
v -0.025709 3.507101 -0.079655
v -0.025709 3.554011 -0.079655
v -0.009865 3.550090 -0.039407
v -0.009865 3.572852 -0.039407
v -0.002177 3.550090 -0.038650
v -0.002177 3.572852 -0.038650
v 0.005216 3.550090 -0.036407
v 0.005216 3.572852 -0.036407
v 0.012029 3.550090 -0.032766
v 0.012029 3.572852 -0.032766
v 0.018000 3.550090 -0.027865
v 0.018000 3.572852 -0.027865
v 0.022901 3.550090 -0.021893
v 0.022901 3.572852 -0.021893
v 0.026543 3.550090 -0.015080
v 0.026543 3.572852 -0.015080
v 0.028785 3.550090 -0.007688
v 0.028785 3.572852 -0.007688
v 0.029542 3.550090 0.000000
v 0.029542 3.572852 0.000000
v 0.028785 3.550090 0.007688
v 0.028785 3.572852 0.007688
v 0.026543 3.550090 0.015080
v 0.026543 3.572852 0.015080
v 0.022901 3.550090 0.021893
v 0.022901 3.572852 0.021893
v 0.018000 3.550090 0.027865
v 0.018000 3.572852 0.027865
v 0.012029 3.550090 0.032766
v 0.012029 3.572852 0.032766
v 0.005216 3.550090 0.036407
v 0.005216 3.572852 0.036407
v -0.002177 3.550090 0.038650
v -0.002177 3.572852 0.038650
v -0.009865 3.550090 0.039407
v -0.009865 3.572852 0.039407
v -0.017553 3.550090 0.038650
v -0.017553 3.572852 0.038650
v -0.024945 3.550090 0.036407
v -0.024945 3.572852 0.036407
v -0.031758 3.550090 0.032766
v -0.031758 3.572852 0.032766
v -0.037730 3.550090 0.027865
v -0.037730 3.572852 0.027865
v -0.042630 3.550090 0.021893
v -0.042630 3.572852 0.021893
v -0.046272 3.550090 0.015080
v -0.046272 3.572852 0.015080
v -0.048514 3.550090 0.007688
v -0.048514 3.572852 0.007688
v -0.049272 3.550090 0.000000
v -0.049272 3.572852 0.000000
v -0.048514 3.550090 -0.007688
v -0.048514 3.572852 -0.007688
v -0.046272 3.550090 -0.015080
v -0.046272 3.572852 -0.015080
v -0.042630 3.550090 -0.021893
v -0.042630 3.572852 -0.021893
v -0.037730 3.550090 -0.027865
v -0.037730 3.572852 -0.027865
v -0.031758 3.550090 -0.032766
v -0.031758 3.572852 -0.032766
v -0.024945 3.550090 -0.036407
v -0.024945 3.572852 -0.036407
v -0.017553 3.550090 -0.038650
v -0.017553 3.572852 -0.038650
v 0.284860 3.384644 -0.022650
v 0.284860 3.384644 0.022650
v 0.283180 3.367591 -0.022650
v 0.283180 3.367591 0.022650
v 0.278206 3.351193 -0.022650
v 0.278206 3.351193 0.022650
v 0.270129 3.336081 -0.022650
v 0.270129 3.336081 0.022650
v 0.259258 3.322835 -0.022650
v 0.259258 3.322835 0.022650
v 0.246012 3.311965 -0.022650
v 0.246012 3.311965 0.022650
v 0.230900 3.303887 -0.022650
v 0.230900 3.303887 0.022650
v 0.214502 3.298913 -0.022650
v 0.214502 3.298913 0.022650
v 0.197450 3.297233 -0.022650
v 0.197450 3.297233 0.022650
v 0.180397 3.298913 -0.022650
v 0.180397 3.298913 0.022650
v 0.163999 3.303887 -0.022650
v 0.163999 3.303887 0.022650
v 0.148887 3.311965 -0.022650
v 0.148887 3.311965 0.022650
v 0.135641 3.322835 -0.022650
v 0.135641 3.322835 0.022650
v 0.124770 3.336081 -0.022650
v 0.124770 3.336081 0.022650
v 0.116693 3.351193 -0.022650
v 0.116693 3.351193 0.022650
v 0.111719 3.367591 -0.022650
v 0.111719 3.367591 0.022650
v 0.110039 3.384644 -0.022650
v 0.110039 3.384644 0.022650
v 0.111719 3.401697 -0.022650
v 0.111719 3.401697 0.022650
v 0.116693 3.418094 -0.022650
v 0.116693 3.418094 0.022650
v 0.124770 3.433206 -0.022650
v 0.124770 3.433206 0.022650
v 0.135641 3.446453 -0.022650
v 0.135641 3.446453 0.022650
v 0.148887 3.457323 -0.022650
v 0.148887 3.457323 0.022650
v 0.163999 3.465401 -0.022650
v 0.163999 3.465401 0.022650
v 0.180397 3.470375 -0.022650
v 0.180397 3.470375 0.022650
v 0.197450 3.472054 -0.022650
v 0.197450 3.472054 0.022650
v 0.214502 3.470375 -0.022650
v 0.214502 3.470375 0.022650
v 0.230900 3.465401 -0.022650
v 0.230900 3.465401 0.022650
v 0.246012 3.457323 -0.022650
v 0.246012 3.457323 0.022650
v 0.259258 3.446453 -0.022650
v 0.259258 3.446453 0.022650
v 0.270129 3.433206 -0.022650
v 0.270129 3.433206 0.022650
v 0.278206 3.418094 -0.022650
v 0.278206 3.418094 0.022650
v 0.283180 3.401697 -0.022650
v 0.283180 3.401697 0.022650
vn -0.0000 -0.0980 -0.9952
vn -0.0000 -0.2903 -0.9569
vn -0.0000 -0.4714 -0.8819
vn -0.0000 -0.6344 -0.7730
vn -0.0000 -0.7730 -0.6344
vn -0.0000 -0.8819 -0.4714
vn -0.0000 -0.9569 -0.2903
vn -0.0000 -0.9952 -0.0981
vn -0.0000 -0.9952 0.0981
vn -0.0000 -0.9569 0.2903
vn -0.0000 -0.8819 0.4714
vn -0.0000 -0.7730 0.6344
vn -0.0000 -0.6344 0.7730
vn -0.0000 -0.4714 0.8819
vn -0.0000 -0.2903 0.9569
vn -0.0000 -0.0980 0.9952
vn -0.0000 0.0980 0.9952
vn -0.0000 0.2903 0.9569
vn -0.0000 0.4714 0.8819
vn -0.0000 0.6344 0.7730
vn -0.0000 0.7730 0.6344
vn -0.0000 0.8819 0.4714
vn -0.0000 0.9569 0.2903
vn -0.0000 0.9952 0.0980
vn -0.0000 0.9952 -0.0980
vn -0.0000 0.9569 -0.2903
vn -0.0000 0.8819 -0.4714
vn -0.0000 0.7730 -0.6344
vn -0.0000 0.6344 -0.7730
vn -0.0000 0.4714 -0.8819
vn 1.0000 -0.0000 -0.0000
vn -0.0000 0.2903 -0.9569
vn -0.0000 0.0980 -0.9952
vn -1.0000 -0.0000 -0.0000
vn 0.0980 -0.0000 -0.9952
vn 0.2903 -0.0000 -0.9569
vn 0.4714 -0.0000 -0.8819
vn 0.6344 -0.0000 -0.7730
vn 0.7730 -0.0000 -0.6344
vn 0.8819 -0.0000 -0.4714
vn 0.9569 -0.0000 -0.2903
vn 0.9952 -0.0000 -0.0980
vn 0.9952 -0.0000 0.0980
vn 0.9569 -0.0000 0.2903
vn 0.8819 -0.0000 0.4714
vn 0.7730 -0.0000 0.6344
vn 0.6344 -0.0000 0.7730
vn 0.4714 -0.0000 0.8819
vn 0.2903 -0.0000 0.9569
vn 0.0980 -0.0000 0.9952
vn -0.0980 -0.0000 0.9952
vn -0.2903 -0.0000 0.9569
vn -0.4714 -0.0000 0.8819
vn -0.6344 -0.0000 0.7730
vn -0.7730 -0.0000 0.6344
vn -0.8819 -0.0000 0.4714
vn -0.9569 -0.0000 0.2903
vn -0.9952 -0.0000 0.0980
vn -0.9952 -0.0000 -0.0980
vn -0.9569 -0.0000 -0.2903
vn -0.8819 -0.0000 -0.4714
vn -0.7730 -0.0000 -0.6344
vn -0.6344 -0.0000 -0.7730
vn -0.4714 -0.0000 -0.8819
vn -0.0000 1.0000 -0.0000
vn -0.2903 -0.0000 -0.9569
vn -0.0980 -0.0000 -0.9952
vn -0.0000 -1.0000 -0.0000
vn 0.0865 0.4696 -0.8786
vn 0.0464 -0.8810 -0.4709
vn 0.0938 0.2890 -0.9527
vn 0.0286 -0.9565 -0.2902
vn 0.0975 0.0975 -0.9904
vn 0.0097 0.9951 -0.0980
vn 0.0097 -0.9951 -0.0980
vn 0.0975 -0.0975 -0.9904
vn 0.0286 0.9565 -0.2902
vn 0.0938 -0.2890 -0.9527
vn 0.0464 0.8810 -0.4709
vn 0.0865 -0.4696 -0.8786
vn 0.0624 0.7715 -0.6332
vn 0.0759 -0.6326 -0.7708
vn 0.0759 0.6326 -0.7708
vn 0.0624 -0.7715 -0.6332
vn 0.2248 0.6326 -0.7412
vn 0.1847 -0.7715 -0.6088
vn 0.2563 0.4696 -0.8448
vn 0.1374 -0.8810 -0.4528
vn 0.2779 0.2890 -0.9161
vn 0.0846 -0.9565 -0.2790
vn 0.2889 0.0975 -0.9524
vn 0.0286 0.9951 -0.0943
vn 0.0286 -0.9951 -0.0942
vn 0.2889 -0.0976 -0.9524
vn 0.0846 0.9566 -0.2790
vn 0.2779 -0.2890 -0.9161
vn 0.1374 0.8810 -0.4528
vn 0.2563 -0.4696 -0.8448
vn 0.1847 0.7715 -0.6088
vn 0.2248 -0.6326 -0.7412
vn 0.4691 -0.0975 -0.8777
vn 0.1374 0.9566 -0.2571
vn 0.4513 -0.2890 -0.8443
vn 0.2231 0.8810 -0.4173
vn 0.4162 -0.4696 -0.7786
vn 0.2999 0.7715 -0.5611
vn 0.3651 -0.6326 -0.6831
vn 0.3651 0.6326 -0.6831
vn 0.2999 -0.7715 -0.5611
vn 0.4162 0.4696 -0.7786
vn 0.2230 -0.8810 -0.4173
vn 0.4513 0.2890 -0.8443
vn 0.1374 -0.9566 -0.2571
vn 0.4691 0.0975 -0.8777
vn 0.0464 0.9951 -0.0869
vn 0.0464 -0.9951 -0.0869
vn 0.4036 -0.7715 -0.4918
vn 0.5601 0.4696 -0.6825
vn 0.3002 -0.8810 -0.3658
vn 0.6073 0.2890 -0.7400
vn 0.1850 -0.9565 -0.2254
vn 0.6314 0.0975 -0.7693
vn 0.0625 0.9951 -0.0761
vn 0.0625 -0.9951 -0.0761
vn 0.6314 -0.0975 -0.7693
vn 0.1850 0.9565 -0.2254
vn 0.6073 -0.2890 -0.7400
vn 0.3002 0.8810 -0.3658
vn 0.5601 -0.4696 -0.6825
vn 0.4036 0.7715 -0.4918
vn 0.4913 -0.6326 -0.5987
vn 0.4913 0.6326 -0.5987
vn 0.2254 0.9565 -0.1850
vn 0.7400 -0.2890 -0.6073
vn 0.3658 0.8810 -0.3002
vn 0.6825 -0.4696 -0.5601
vn 0.4918 0.7715 -0.4036
vn 0.5987 -0.6326 -0.4913
vn 0.5987 0.6326 -0.4913
vn 0.4918 -0.7715 -0.4036
vn 0.6825 0.4696 -0.5601
vn 0.3658 -0.8810 -0.3002
vn 0.7400 0.2890 -0.6073
vn 0.2254 -0.9565 -0.1850
vn 0.7693 0.0975 -0.6314
vn 0.0761 0.9951 -0.0625
vn 0.0761 -0.9951 -0.0625
vn 0.7693 -0.0975 -0.6314
vn 0.7786 0.4696 -0.4162
vn 0.4173 -0.8810 -0.2230
vn 0.8443 0.2890 -0.4513
vn 0.2571 -0.9565 -0.1374
vn 0.8777 0.0975 -0.4691
vn 0.0869 0.9951 -0.0465
vn 0.0869 -0.9951 -0.0464
vn 0.8777 -0.0975 -0.4691
vn 0.2571 0.9566 -0.1374
vn 0.8443 -0.2890 -0.4513
vn 0.4173 0.8810 -0.2230
vn 0.7786 -0.4696 -0.4162
vn 0.5611 0.7715 -0.2999
vn 0.6831 -0.6326 -0.3651
vn 0.6831 0.6326 -0.3651
vn 0.5611 -0.7715 -0.2999
vn 0.9161 -0.2890 -0.2779
vn 0.4528 0.8810 -0.1374
vn 0.8448 -0.4696 -0.2563
vn 0.6088 0.7715 -0.1847
vn 0.7412 -0.6326 -0.2248
vn 0.7412 0.6326 -0.2248
vn 0.6088 -0.7715 -0.1847
vn 0.8448 0.4696 -0.2563
vn 0.4528 -0.8810 -0.1374
vn 0.9161 0.2890 -0.2779
vn 0.2790 -0.9565 -0.0846
vn 0.9524 0.0975 -0.2889
vn 0.0942 0.9951 -0.0285
vn 0.0942 -0.9951 -0.0286
vn 0.9524 -0.0975 -0.2889
vn 0.2790 0.9566 -0.0846
vn 0.4709 -0.8810 -0.0464
vn 0.9527 0.2890 -0.0938
vn 0.2902 -0.9565 -0.0286
vn 0.9904 0.0975 -0.0975
vn 0.0980 0.9951 -0.0097
vn 0.0980 -0.9951 -0.0097
vn 0.9904 -0.0975 -0.0975
vn 0.2902 0.9566 -0.0286
vn 0.9527 -0.2890 -0.0938
vn 0.4709 0.8810 -0.0464
vn 0.8786 -0.4696 -0.0865
vn 0.6332 0.7715 -0.0624
vn 0.7708 -0.6326 -0.0759
vn 0.7708 0.6326 -0.0759
vn 0.6332 -0.7715 -0.0624
vn 0.8786 0.4696 -0.0865
vn 0.8786 -0.4696 0.0865
vn 0.6332 0.7715 0.0624
vn 0.7708 -0.6326 0.0759
vn 0.7708 0.6326 0.0759
vn 0.6332 -0.7715 0.0624
vn 0.8786 0.4696 0.0865
vn 0.4709 -0.8810 0.0464
vn 0.9527 0.2890 0.0938
vn 0.2902 -0.9565 0.0286
vn 0.9904 0.0975 0.0976
vn 0.0980 0.9951 0.0096
vn 0.0980 -0.9951 0.0097
vn 0.9904 -0.0975 0.0976
vn 0.2902 0.9565 0.0286
vn 0.9527 -0.2890 0.0938
vn 0.4709 0.8810 0.0464
vn 0.2790 -0.9566 0.0846
vn 0.9524 0.0975 0.2889
vn 0.0942 0.9951 0.0286
vn 0.0942 -0.9951 0.0286
vn 0.9524 -0.0975 0.2889
vn 0.2790 0.9566 0.0846
vn 0.9161 -0.2890 0.2779
vn 0.4528 0.8810 0.1374
vn 0.8448 -0.4696 0.2563
vn 0.6088 0.7715 0.1847
vn 0.7412 -0.6326 0.2248
vn 0.7412 0.6326 0.2248
vn 0.6088 -0.7715 0.1847
vn 0.8448 0.4696 0.2563
vn 0.4528 -0.8810 0.1373
vn 0.9161 0.2890 0.2779
vn 0.5611 0.7715 0.2999
vn 0.6831 -0.6326 0.3651
vn 0.6831 0.6326 0.3651
vn 0.5611 -0.7715 0.2999
vn 0.7786 0.4696 0.4162
vn 0.4173 -0.8810 0.2231
vn 0.8443 0.2890 0.4513
vn 0.2571 -0.9566 0.1374
vn 0.8777 0.0975 0.4691
vn 0.0869 0.9951 0.0464
vn 0.0869 -0.9951 0.0464
vn 0.8777 -0.0975 0.4691
vn 0.2571 0.9565 0.1374
vn 0.8443 -0.2890 0.4513
vn 0.4173 0.8810 0.2230
vn 0.7786 -0.4696 0.4162
vn 0.7693 0.0975 0.6314
vn 0.0761 0.9951 0.0625
vn 0.0761 -0.9951 0.0625
vn 0.7693 -0.0975 0.6314
vn 0.2254 0.9565 0.1850
vn 0.7400 -0.2890 0.6073
vn 0.3658 0.8810 0.3002
vn 0.6825 -0.4696 0.5601
vn 0.4918 0.7715 0.4036
vn 0.5987 -0.6326 0.4913
vn 0.5987 0.6326 0.4913
vn 0.4918 -0.7715 0.4036
vn 0.6825 0.4696 0.5601
vn 0.3658 -0.8810 0.3002
vn 0.7400 0.2890 0.6073
vn 0.2254 -0.9565 0.1850
vn 0.4913 -0.6326 0.5987
vn 0.4913 0.6326 0.5987
vn 0.4036 -0.7715 0.4918
vn 0.5601 0.4696 0.6825
vn 0.3002 -0.8810 0.3658
vn 0.6073 0.2890 0.7400
vn 0.1850 -0.9565 0.2254
vn 0.6314 0.0975 0.7693
vn 0.0625 0.9951 0.0761
vn 0.0625 -0.9951 0.0761
vn 0.6314 -0.0975 0.7693
vn 0.1850 0.9565 0.2254
vn 0.6073 -0.2890 0.7400
vn 0.3002 0.8810 0.3658
vn 0.5601 -0.4696 0.6825
vn 0.4036 0.7715 0.4918
vn 0.0464 0.9951 0.0869
vn 0.0464 -0.9951 0.0869
vn 0.4691 -0.0975 0.8777
vn 0.1374 0.9566 0.2571
vn 0.4513 -0.2890 0.8443
vn 0.2230 0.8810 0.4173
vn 0.4162 -0.4696 0.7786
vn 0.2999 0.7715 0.5611
vn 0.3651 -0.6326 0.6831
vn 0.3651 0.6326 0.6831
vn 0.2999 -0.7715 0.5611
vn 0.4162 0.4696 0.7786
vn 0.2230 -0.8810 0.4173
vn 0.4513 0.2890 0.8443
vn 0.1374 -0.9565 0.2571
vn 0.4691 0.0975 0.8777
vn 0.2248 0.6326 0.7412
vn 0.1847 -0.7715 0.6088
vn 0.2563 0.4696 0.8448
vn 0.1374 -0.8810 0.4528
vn 0.2779 0.2890 0.9161
vn 0.0846 -0.9566 0.2790
vn 0.2889 0.0975 0.9524
vn 0.0286 0.9951 0.0942
vn 0.0286 -0.9951 0.0943
vn 0.2889 -0.0975 0.9524
vn 0.0846 0.9566 0.2790
vn 0.2779 -0.2890 0.9161
vn 0.1374 0.8810 0.4528
vn 0.2563 -0.4696 0.8448
vn 0.1847 0.7715 0.6088
vn 0.2248 -0.6326 0.7412
vn 0.0975 -0.0975 0.9904
vn 0.0286 0.9565 0.2902
vn 0.0938 -0.2890 0.9527
vn 0.0464 0.8810 0.4709
vn 0.0865 -0.4696 0.8786
vn 0.0624 0.7715 0.6332
vn 0.0759 -0.6326 0.7708
vn 0.0759 0.6326 0.7708
vn 0.0624 -0.7715 0.6332
vn 0.0865 0.4696 0.8786
vn 0.0464 -0.8810 0.4709
vn 0.0938 0.2890 0.9527
vn 0.0286 -0.9566 0.2902
vn 0.0976 0.0975 0.9904
vn 0.0097 0.9951 0.0980
vn 0.0097 -0.9951 0.0980
vn -0.0624 -0.7715 0.6332
vn -0.0865 0.4696 0.8786
vn -0.0464 -0.8810 0.4709
vn -0.0938 0.2890 0.9527
vn -0.0286 -0.9565 0.2902
vn -0.0976 0.0975 0.9904
vn -0.0097 0.9951 0.0980
vn -0.0097 -0.9951 0.0980
vn -0.0975 -0.0975 0.9904
vn -0.0286 0.9565 0.2902
vn -0.0938 -0.2890 0.9527
vn -0.0464 0.8810 0.4709
vn -0.0865 -0.4696 0.8786
vn -0.0624 0.7715 0.6332
vn -0.0759 -0.6326 0.7708
vn -0.0759 0.6326 0.7708
vn -0.2779 -0.2890 0.9161
vn -0.1374 0.8810 0.4528
vn -0.2563 -0.4696 0.8448
vn -0.1847 0.7715 0.6088
vn -0.2248 -0.6326 0.7412
vn -0.2248 0.6326 0.7412
vn -0.1847 -0.7715 0.6088
vn -0.2563 0.4696 0.8448
vn -0.1374 -0.8810 0.4528
vn -0.2779 0.2890 0.9161
vn -0.0846 -0.9565 0.2790
vn -0.2889 0.0975 0.9524
vn -0.0286 0.9951 0.0942
vn -0.0286 -0.9951 0.0943
vn -0.2889 -0.0975 0.9524
vn -0.0846 0.9565 0.2790
vn -0.2230 -0.8810 0.4173
vn -0.4513 0.2890 0.8443
vn -0.1374 -0.9566 0.2571
vn -0.4691 0.0975 0.8777
vn -0.0464 0.9951 0.0869
vn -0.0464 -0.9951 0.0869
vn -0.4691 -0.0975 0.8777
vn -0.1374 0.9566 0.2571
vn -0.4513 -0.2890 0.8443
vn -0.2231 0.8810 0.4173
vn -0.4162 -0.4696 0.7786
vn -0.2999 0.7715 0.5611
vn -0.3651 -0.6326 0.6831
vn -0.3651 0.6326 0.6831
vn -0.2999 -0.7715 0.5611
vn -0.4162 0.4696 0.7786
vn -0.3002 0.8810 0.3658
vn -0.5601 -0.4696 0.6825
vn -0.4036 0.7715 0.4918
vn -0.4913 -0.6326 0.5987
vn -0.4913 0.6326 0.5987
vn -0.4036 -0.7715 0.4918
vn -0.5601 0.4696 0.6825
vn -0.3002 -0.8810 0.3658
vn -0.6073 0.2890 0.7400
vn -0.1850 -0.9565 0.2254
vn -0.6314 0.0975 0.7693
vn -0.0625 0.9951 0.0761
vn -0.0625 -0.9951 0.0761
vn -0.6314 -0.0975 0.7693
vn -0.1850 0.9565 0.2254
vn -0.6073 -0.2890 0.7400
vn -0.7400 0.2890 0.6073
vn -0.2254 -0.9565 0.1850
vn -0.7693 0.0975 0.6314
vn -0.0761 0.9951 0.0625
vn -0.0761 -0.9951 0.0625
vn -0.7693 -0.0975 0.6314
vn -0.2254 0.9566 0.1850
vn -0.7400 -0.2890 0.6073
vn -0.3658 0.8810 0.3002
vn -0.6825 -0.4696 0.5601
vn -0.4918 0.7715 0.4036
vn -0.5987 -0.6326 0.4913
vn -0.5987 0.6326 0.4913
vn -0.4918 -0.7715 0.4036
vn -0.6825 0.4696 0.5601
vn -0.3658 -0.8810 0.3002
vn -0.7786 -0.4696 0.4162
vn -0.5611 0.7715 0.2999
vn -0.6831 -0.6326 0.3651
vn -0.6831 0.6326 0.3651
vn -0.5611 -0.7715 0.2999
vn -0.7786 0.4696 0.4162
vn -0.4173 -0.8810 0.2230
vn -0.8443 0.2890 0.4513
vn -0.2571 -0.9565 0.1374
vn -0.8777 0.0975 0.4691
vn -0.0869 0.9951 0.0465
vn -0.0869 -0.9951 0.0464
vn -0.8777 -0.0975 0.4691
vn -0.2571 0.9566 0.1374
vn -0.8443 -0.2890 0.4513
vn -0.4173 0.8810 0.2230
vn -0.2790 -0.9565 0.0846
vn -0.9524 0.0975 0.2889
vn -0.0942 0.9951 0.0285
vn -0.0942 -0.9951 0.0286
vn -0.9524 -0.0975 0.2889
vn -0.2790 0.9565 0.0846
vn -0.9161 -0.2890 0.2779
vn -0.4528 0.8810 0.1374
vn -0.8448 -0.4696 0.2563
vn -0.6088 0.7715 0.1847
vn -0.7412 -0.6326 0.2248
vn -0.7412 0.6326 0.2248
vn -0.6088 -0.7715 0.1847
vn -0.8448 0.4696 0.2563
vn -0.4528 -0.8810 0.1374
vn -0.9161 0.2890 0.2779
vn -0.6332 0.7715 0.0624
vn -0.7708 -0.6326 0.0759
vn -0.7708 0.6326 0.0759
vn -0.6332 -0.7715 0.0624
vn -0.8786 0.4696 0.0865
vn -0.4709 -0.8810 0.0464
vn -0.9527 0.2890 0.0938
vn -0.2902 -0.9566 0.0286
vn -0.9904 0.0975 0.0975
vn -0.0980 0.9951 0.0097
vn -0.0980 -0.9951 0.0096
vn -0.9904 -0.0975 0.0975
vn -0.2902 0.9565 0.0286
vn -0.9527 -0.2890 0.0938
vn -0.4709 0.8810 0.0464
vn -0.8786 -0.4696 0.0865
vn -0.9904 0.0975 -0.0976
vn -0.0980 0.9951 -0.0096
vn -0.0980 -0.9951 -0.0096
vn -0.9904 -0.0975 -0.0976
vn -0.2902 0.9565 -0.0286
vn -0.9527 -0.2890 -0.0938
vn -0.4709 0.8810 -0.0464
vn -0.8786 -0.4696 -0.0865
vn -0.6332 0.7715 -0.0624
vn -0.7708 -0.6326 -0.0759
vn -0.7708 0.6326 -0.0759
vn -0.6332 -0.7715 -0.0624
vn -0.8786 0.4696 -0.0865
vn -0.4709 -0.8810 -0.0464
vn -0.9527 0.2890 -0.0938
vn -0.2902 -0.9566 -0.0286
vn -0.7412 -0.6326 -0.2248
vn -0.7412 0.6326 -0.2248
vn -0.6088 -0.7715 -0.1847
vn -0.8448 0.4696 -0.2563
vn -0.4528 -0.8810 -0.1374
vn -0.9161 0.2890 -0.2779
vn -0.2790 -0.9566 -0.0846
vn -0.9524 0.0975 -0.2889
vn -0.0942 0.9951 -0.0285
vn -0.0942 -0.9951 -0.0286
vn -0.9524 -0.0975 -0.2889
vn -0.2790 0.9566 -0.0846
vn -0.9161 -0.2890 -0.2779
vn -0.4528 0.8810 -0.1374
vn -0.8448 -0.4696 -0.2563
vn -0.6088 0.7715 -0.1847
vn -0.0869 -0.9951 -0.0464
vn -0.8777 -0.0975 -0.4691
vn -0.2571 0.9565 -0.1374
vn -0.8443 -0.2890 -0.4513
vn -0.4173 0.8810 -0.2231
vn -0.7786 -0.4696 -0.4162
vn -0.5611 0.7715 -0.2999
vn -0.6831 -0.6326 -0.3651
vn -0.6831 0.6326 -0.3651
vn -0.5611 -0.7715 -0.2999
vn -0.7786 0.4696 -0.4162
vn -0.4173 -0.8810 -0.2230
vn -0.8443 0.2890 -0.4513
vn -0.2571 -0.9565 -0.1375
vn -0.8777 0.0975 -0.4691
vn -0.0869 0.9951 -0.0465
vn -0.4918 -0.7715 -0.4036
vn -0.6825 0.4696 -0.5601
vn -0.3658 -0.8810 -0.3002
vn -0.7400 0.2890 -0.6073
vn -0.2254 -0.9565 -0.1850
vn -0.7693 0.0975 -0.6314
vn -0.0761 0.9951 -0.0625
vn -0.0761 -0.9951 -0.0625
vn -0.7693 -0.0975 -0.6314
vn -0.2254 0.9566 -0.1850
vn -0.7400 -0.2890 -0.6073
vn -0.3658 0.8810 -0.3002
vn -0.6825 -0.4696 -0.5601
vn -0.4918 0.7715 -0.4036
vn -0.5987 -0.6326 -0.4913
vn -0.5987 0.6326 -0.4913
vn -0.1850 0.9565 -0.2254
vn -0.6073 -0.2890 -0.7400
vn -0.3002 0.8810 -0.3658
vn -0.5601 -0.4696 -0.6825
vn -0.4036 0.7715 -0.4918
vn -0.4913 -0.6326 -0.5987
vn -0.4913 0.6326 -0.5987
vn -0.4036 -0.7715 -0.4918
vn -0.5601 0.4696 -0.6825
vn -0.3002 -0.8810 -0.3658
vn -0.6073 0.2890 -0.7400
vn -0.1850 -0.9565 -0.2254
vn -0.6314 0.0975 -0.7693
vn -0.0625 0.9951 -0.0762
vn -0.0625 -0.9951 -0.0761
vn -0.6314 -0.0975 -0.7693
vn -0.4162 0.4696 -0.7786
vn -0.2231 -0.8810 -0.4173
vn -0.4513 0.2890 -0.8443
vn -0.1374 -0.9565 -0.2571
vn -0.4691 0.0975 -0.8777
vn -0.0464 0.9951 -0.0869
vn -0.0464 -0.9951 -0.0869
vn -0.4691 -0.0975 -0.8777
vn -0.1374 0.9565 -0.2571
vn -0.4513 -0.2890 -0.8443
vn -0.2230 0.8810 -0.4173
vn -0.4162 -0.4696 -0.7786
vn -0.2999 0.7715 -0.5611
vn -0.3651 -0.6326 -0.6831
vn -0.3651 0.6326 -0.6831
vn -0.2999 -0.7715 -0.5611
vn -0.2779 -0.2890 -0.9161
vn -0.1374 0.8810 -0.4528
vn -0.2563 -0.4696 -0.8448
vn -0.1847 0.7715 -0.6088
vn -0.2248 -0.6326 -0.7412
vn -0.2248 0.6326 -0.7412
vn -0.1847 -0.7715 -0.6088
vn -0.2563 0.4696 -0.8448
vn -0.1374 -0.8810 -0.4528
vn -0.2779 0.2890 -0.9161
vn -0.0846 -0.9566 -0.2790
vn -0.2889 0.0975 -0.9524
vn -0.0286 0.9951 -0.0943
vn -0.0286 -0.9951 -0.0942
vn -0.2889 -0.0975 -0.9524
vn -0.0846 0.9565 -0.2790
vn -0.0464 -0.8810 -0.4709
vn -0.0938 0.2890 -0.9527
vn -0.0286 -0.9566 -0.2902
vn -0.0976 0.0975 -0.9904
vn -0.0097 0.9951 -0.0980
vn -0.0097 -0.9951 -0.0980
vn -0.0976 -0.0975 -0.9904
vn -0.0286 0.9565 -0.2902
vn -0.0938 -0.2890 -0.9527
vn -0.0464 0.8810 -0.4709
vn -0.0865 -0.4696 -0.8786
vn -0.0624 0.7715 -0.6332
vn -0.0759 -0.6326 -0.7708
vn -0.0759 0.6326 -0.7708
vn -0.0624 -0.7715 -0.6332
vn -0.0865 0.4696 -0.8786
vn 0.9952 -0.0980 -0.0000
vn 0.9569 -0.2903 -0.0000
vn 0.8819 -0.4714 -0.0000
vn 0.7730 -0.6344 -0.0000
vn 0.6344 -0.7730 -0.0000
vn 0.4714 -0.8819 -0.0000
vn 0.2903 -0.9569 -0.0000
vn 0.0980 -0.9952 -0.0000
vn -0.0980 -0.9952 -0.0000
vn -0.2903 -0.9569 -0.0000
vn -0.4714 -0.8819 -0.0000
vn -0.6344 -0.7730 -0.0000
vn -0.7730 -0.6344 -0.0000
vn -0.8819 -0.4714 -0.0000
vn -0.9569 -0.2903 -0.0000
vn -0.9952 -0.0980 -0.0000
vn -0.9952 0.0980 -0.0000
vn -0.9569 0.2903 -0.0000
vn -0.8819 0.4714 -0.0000
vn -0.7730 0.6344 -0.0000
vn -0.6344 0.7730 -0.0000
vn -0.4714 0.8819 -0.0000
vn -0.2903 0.9569 -0.0000
vn -0.0980 0.9952 -0.0000
vn 0.0980 0.9952 -0.0000
vn 0.2903 0.9569 -0.0000
vn 0.4714 0.8819 -0.0000
vn 0.6344 0.7730 -0.0000
vn 0.7730 0.6344 -0.0000
vn 0.8819 0.4714 -0.0000
vn -0.0000 -0.0000 1.0000
vn 0.9569 0.2903 -0.0000
vn 0.9952 0.0980 -0.0000
vn -0.0000 -0.0000 -1.0000
vt 1.000000 0.500000
vt 1.000000 1.000000
vt 0.968750 1.000000
vt 0.968750 0.500000
vt 0.937500 1.000000
vt 0.937500 0.500000
vt 0.906250 1.000000
vt 0.906250 0.500000
vt 0.875000 1.000000
vt 0.875000 0.500000
vt 0.843750 1.000000
vt 0.843750 0.500000
vt 0.812500 1.000000
vt 0.812500 0.500000
vt 0.781250 1.000000
vt 0.781250 0.500000
vt 0.750000 1.000000
vt 0.750000 0.500000
vt 0.718750 1.000000
vt 0.718750 0.500000
vt 0.687500 1.000000
vt 0.687500 0.500000
vt 0.656250 1.000000
vt 0.656250 0.500000
vt 0.625000 1.000000
vt 0.625000 0.500000
vt 0.593750 1.000000
vt 0.593750 0.500000
vt 0.562500 1.000000
vt 0.562500 0.500000
vt 0.531250 1.000000
vt 0.531250 0.500000
vt 0.500000 1.000000
vt 0.500000 0.500000
vt 0.468750 1.000000
vt 0.468750 0.500000
vt 0.437500 1.000000
vt 0.437500 0.500000
vt 0.406250 1.000000
vt 0.406250 0.500000
vt 0.375000 1.000000
vt 0.375000 0.500000
vt 0.343750 1.000000
vt 0.343750 0.500000
vt 0.312500 1.000000
vt 0.312500 0.500000
vt 0.281250 1.000000
vt 0.281250 0.500000
vt 0.250000 1.000000
vt 0.250000 0.500000
vt 0.218750 1.000000
vt 0.218750 0.500000
vt 0.187500 1.000000
vt 0.187500 0.500000
vt 0.156250 1.000000
vt 0.156250 0.500000
vt 0.125000 1.000000
vt 0.125000 0.500000
vt 0.093750 1.000000
vt 0.093750 0.500000
vt 0.062500 1.000000
vt 0.062500 0.500000
vt 0.296822 0.485388
vt 0.250000 0.490000
vt 0.203178 0.485388
vt 0.158156 0.471731
vt 0.116663 0.449553
vt 0.080294 0.419706
vt 0.050447 0.383337
vt 0.028269 0.341844
vt 0.014612 0.296822
vt 0.010000 0.250000
vt 0.014612 0.203178
vt 0.028269 0.158156
vt 0.050447 0.116663
vt 0.080294 0.080294
vt 0.116663 0.050447
vt 0.158156 0.028269
vt 0.203178 0.014612
vt 0.250000 0.010000
vt 0.296822 0.014612
vt 0.341844 0.028269
vt 0.383337 0.050447
vt 0.419706 0.080294
vt 0.449553 0.116663
vt 0.471731 0.158156
vt 0.485388 0.203178
vt 0.490000 0.250000
vt 0.485388 0.296822
vt 0.471731 0.341844
vt 0.449553 0.383337
vt 0.419706 0.419706
vt 0.383337 0.449553
vt 0.341844 0.471731
vt 0.031250 1.000000
vt 0.031250 0.500000
vt 0.000000 1.000000
vt 0.000000 0.500000
vt 0.750000 0.490000
vt 0.796822 0.485388
vt 0.841844 0.471731
vt 0.883337 0.449553
vt 0.919706 0.419706
vt 0.949553 0.383337
vt 0.971731 0.341844
vt 0.985388 0.296822
vt 0.990000 0.250000
vt 0.985388 0.203178
vt 0.971731 0.158156
vt 0.949553 0.116663
vt 0.919706 0.080294
vt 0.883337 0.050447
vt 0.841844 0.028269
vt 0.796822 0.014612
vt 0.750000 0.010000
vt 0.703178 0.014612
vt 0.658156 0.028269
vt 0.616663 0.050447
vt 0.580294 0.080294
vt 0.550447 0.116663
vt 0.528269 0.158156
vt 0.514612 0.203178
vt 0.510000 0.250000
vt 0.514612 0.296822
vt 0.528269 0.341844
vt 0.550447 0.383337
vt 0.580294 0.419706
vt 0.616663 0.449553
vt 0.658156 0.471731
vt 0.703178 0.485388
vt 0.750000 0.625000
vt 0.750000 0.687500
vt 0.718750 0.687500
vt 0.718750 0.625000
vt 0.750000 0.125000
vt 0.750000 0.187500
vt 0.718750 0.187500
vt 0.718750 0.125000
vt 0.750000 0.562500
vt 0.718750 0.562500
vt 0.750000 0.062500
vt 0.718750 0.062500
vt 0.750000 0.937500
vt 0.734375 1.000000
vt 0.718750 0.937500
vt 0.734375 0.000000
vt 0.750000 0.437500
vt 0.718750 0.437500
vt 0.750000 0.875000
vt 0.718750 0.875000
vt 0.750000 0.375000
vt 0.718750 0.375000
vt 0.750000 0.812500
vt 0.718750 0.812500
vt 0.750000 0.312500
vt 0.718750 0.312500
vt 0.750000 0.750000
vt 0.718750 0.750000
vt 0.750000 0.250000
vt 0.718750 0.250000
vt 0.687500 0.750000
vt 0.687500 0.687500
vt 0.687500 0.250000
vt 0.687500 0.187500
vt 0.687500 0.625000
vt 0.687500 0.125000
vt 0.687500 0.562500
vt 0.687500 0.062500
vt 0.703125 1.000000
vt 0.687500 0.937500
vt 0.703125 0.000000
vt 0.687500 0.437500
vt 0.687500 0.875000
vt 0.687500 0.375000
vt 0.687500 0.812500
vt 0.687500 0.312500
vt 0.656250 0.437500
vt 0.656250 0.937500
vt 0.656250 0.875000
vt 0.656250 0.375000
vt 0.656250 0.812500
vt 0.656250 0.312500
vt 0.656250 0.750000
vt 0.656250 0.250000
vt 0.656250 0.687500
vt 0.656250 0.187500
vt 0.656250 0.625000
vt 0.656250 0.125000
vt 0.656250 0.562500
vt 0.656250 0.062500
vt 0.671875 1.000000
vt 0.671875 0.000000
vt 0.625000 0.250000
vt 0.625000 0.187500
vt 0.625000 0.687500
vt 0.625000 0.625000
vt 0.625000 0.125000
vt 0.625000 0.562500
vt 0.625000 0.062500
vt 0.640625 1.000000
vt 0.625000 0.937500
vt 0.640625 0.000000
vt 0.625000 0.437500
vt 0.625000 0.875000
vt 0.625000 0.375000
vt 0.625000 0.812500
vt 0.625000 0.312500
vt 0.625000 0.750000
vt 0.593750 0.937500
vt 0.593750 0.875000
vt 0.593750 0.437500
vt 0.593750 0.375000
vt 0.593750 0.812500
vt 0.593750 0.312500
vt 0.593750 0.750000
vt 0.593750 0.250000
vt 0.593750 0.687500
vt 0.593750 0.187500
vt 0.593750 0.625000
vt 0.593750 0.125000
vt 0.593750 0.562500
vt 0.593750 0.062500
vt 0.609375 1.000000
vt 0.609375 0.000000
vt 0.562500 0.687500
vt 0.562500 0.625000
vt 0.562500 0.187500
vt 0.562500 0.125000
vt 0.562500 0.562500
vt 0.562500 0.062500
vt 0.578125 1.000000
vt 0.562500 0.937500
vt 0.578125 0.000000
vt 0.562500 0.437500
vt 0.562500 0.875000
vt 0.562500 0.375000
vt 0.562500 0.812500
vt 0.562500 0.312500
vt 0.562500 0.750000
vt 0.562500 0.250000
vt 0.531250 0.437500
vt 0.531250 0.375000
vt 0.531250 0.875000
vt 0.531250 0.812500
vt 0.531250 0.312500
vt 0.531250 0.750000
vt 0.531250 0.250000
vt 0.531250 0.687500
vt 0.531250 0.187500
vt 0.531250 0.625000
vt 0.531250 0.125000
vt 0.531250 0.562500
vt 0.531250 0.062500
vt 0.546875 1.000000
vt 0.531250 0.937500
vt 0.546875 0.000000
vt 0.500000 0.187500
vt 0.500000 0.125000
vt 0.500000 0.625000
vt 0.500000 0.562500
vt 0.500000 0.062500
vt 0.500000 0.500000
vt 0.515625 1.000000
vt 0.500000 0.937500
vt 0.515625 0.000000
vt 0.500000 0.437500
vt 0.500000 0.875000
vt 0.500000 0.375000
vt 0.500000 0.812500
vt 0.500000 0.312500
vt 0.500000 0.750000
vt 0.500000 0.250000
vt 0.500000 0.687500
vt 0.468750 0.375000
vt 0.468750 0.312500
vt 0.468750 0.812500
vt 0.468750 0.750000
vt 0.468750 0.250000
vt 0.468750 0.687500
vt 0.468750 0.187500
vt 0.468750 0.625000
vt 0.468750 0.125000
vt 0.468750 0.562500
vt 0.468750 0.062500
vt 0.468750 0.500000
vt 0.484375 1.000000
vt 0.468750 0.937500
vt 0.484375 0.000000
vt 0.468750 0.437500
vt 0.468750 0.875000
vt 0.437500 0.125000
vt 0.437500 0.062500
vt 0.437500 0.562500
vt 0.437500 0.500000
vt 0.453125 1.000000
vt 0.437500 0.937500
vt 0.453125 0.000000
vt 0.437500 0.437500
vt 0.437500 0.875000
vt 0.437500 0.375000
vt 0.437500 0.812500
vt 0.437500 0.312500
vt 0.437500 0.750000
vt 0.437500 0.250000
vt 0.437500 0.687500
vt 0.437500 0.187500
vt 0.437500 0.625000
vt 0.406250 0.812500
vt 0.406250 0.750000
vt 0.406250 0.312500
vt 0.406250 0.250000
vt 0.406250 0.687500
vt 0.406250 0.187500
vt 0.406250 0.625000
vt 0.406250 0.125000
vt 0.406250 0.562500
vt 0.406250 0.062500
vt 0.406250 0.500000
vt 0.421875 1.000000
vt 0.406250 0.937500
vt 0.421875 0.000000
vt 0.406250 0.437500
vt 0.406250 0.875000
vt 0.406250 0.375000
vt 0.375000 0.562500
vt 0.375000 0.500000
vt 0.390625 1.000000
vt 0.375000 0.937500
vt 0.390625 0.000000
vt 0.375000 0.062500
vt 0.375000 0.437500
vt 0.375000 0.875000
vt 0.375000 0.375000
vt 0.375000 0.812500
vt 0.375000 0.312500
vt 0.375000 0.750000
vt 0.375000 0.250000
vt 0.375000 0.687500
vt 0.375000 0.187500
vt 0.375000 0.625000
vt 0.375000 0.125000
vt 0.343750 0.312500
vt 0.343750 0.250000
vt 0.343750 0.750000
vt 0.343750 0.687500
vt 0.343750 0.187500
vt 0.343750 0.625000
vt 0.343750 0.125000
vt 0.343750 0.562500
vt 0.343750 0.062500
vt 0.343750 0.500000
vt 0.359375 1.000000
vt 0.343750 0.937500
vt 0.359375 0.000000
vt 0.343750 0.437500
vt 0.343750 0.875000
vt 0.343750 0.375000
vt 0.343750 0.812500
vt 0.328125 1.000000
vt 0.312500 0.937500
vt 0.328125 0.000000
vt 0.312500 0.062500
vt 0.312500 0.500000
vt 0.312500 0.437500
vt 0.312500 0.875000
vt 0.312500 0.375000
vt 0.312500 0.812500
vt 0.312500 0.312500
vt 0.312500 0.750000
vt 0.312500 0.250000
vt 0.312500 0.687500
vt 0.312500 0.187500
vt 0.312500 0.625000
vt 0.312500 0.125000
vt 0.312500 0.562500
vt 0.281250 0.750000
vt 0.281250 0.687500
vt 0.281250 0.250000
vt 0.281250 0.187500
vt 0.281250 0.625000
vt 0.281250 0.125000
vt 0.281250 0.562500
vt 0.281250 0.062500
vt 0.281250 0.500000
vt 0.296875 1.000000
vt 0.281250 0.937500
vt 0.296875 0.000000
vt 0.281250 0.437500
vt 0.281250 0.875000
vt 0.281250 0.375000
vt 0.281250 0.812500
vt 0.281250 0.312500
vt 0.250000 0.500000
vt 0.250000 0.437500
vt 0.250000 0.937500
vt 0.250000 0.875000
vt 0.250000 0.375000
vt 0.250000 0.812500
vt 0.250000 0.312500
vt 0.250000 0.750000
vt 0.250000 0.250000
vt 0.250000 0.687500
vt 0.250000 0.187500
vt 0.250000 0.625000
vt 0.250000 0.125000
vt 0.250000 0.562500
vt 0.250000 0.062500
vt 0.265625 1.000000
vt 0.265625 0.000000
vt 0.218750 0.250000
vt 0.218750 0.187500
vt 0.218750 0.687500
vt 0.218750 0.625000
vt 0.218750 0.125000
vt 0.218750 0.562500
vt 0.218750 0.062500
vt 0.218750 0.500000
vt 0.234375 1.000000
vt 0.218750 0.937500
vt 0.234375 0.000000
vt 0.218750 0.437500
vt 0.218750 0.875000
vt 0.218750 0.375000
vt 0.218750 0.812500
vt 0.218750 0.312500
vt 0.218750 0.750000
vt 0.187500 0.437500
vt 0.187500 0.375000
vt 0.187500 0.875000
vt 0.187500 0.812500
vt 0.187500 0.312500
vt 0.187500 0.750000
vt 0.187500 0.250000
vt 0.187500 0.687500
vt 0.187500 0.187500
vt 0.187500 0.625000
vt 0.187500 0.125000
vt 0.187500 0.562500
vt 0.187500 0.062500
vt 0.187500 0.500000
vt 0.203125 1.000000
vt 0.187500 0.937500
vt 0.203125 0.000000
vt 0.156250 0.187500
vt 0.156250 0.125000
vt 0.156250 0.625000
vt 0.156250 0.562500
vt 0.156250 0.062500
vt 0.156250 0.500000
vt 0.171875 1.000000
vt 0.156250 0.937500
vt 0.171875 0.000000
vt 0.156250 0.437500
vt 0.156250 0.875000
vt 0.156250 0.375000
vt 0.156250 0.812500
vt 0.156250 0.312500
vt 0.156250 0.750000
vt 0.156250 0.250000
vt 0.156250 0.687500
vt 0.125000 0.875000
vt 0.125000 0.812500
vt 0.125000 0.375000
vt 0.125000 0.312500
vt 0.125000 0.750000
vt 0.125000 0.250000
vt 0.125000 0.687500
vt 0.125000 0.187500
vt 0.125000 0.625000
vt 0.125000 0.125000
vt 0.125000 0.562500
vt 0.125000 0.062500
vt 0.125000 0.500000
vt 0.140625 1.000000
vt 0.125000 0.937500
vt 0.140625 0.000000
vt 0.125000 0.437500
vt 0.093750 0.625000
vt 0.093750 0.562500
vt 0.093750 0.125000
vt 0.093750 0.062500
vt 0.093750 0.500000
vt 0.109375 1.000000
vt 0.093750 0.937500
vt 0.109375 0.000000
vt 0.093750 0.437500
vt 0.093750 0.875000
vt 0.093750 0.375000
vt 0.093750 0.812500
vt 0.093750 0.312500
vt 0.093750 0.750000
vt 0.093750 0.250000
vt 0.093750 0.687500
vt 0.093750 0.187500
vt 0.062500 0.375000
vt 0.062500 0.312500
vt 0.062500 0.812500
vt 0.062500 0.750000
vt 0.062500 0.250000
vt 0.062500 0.687500
vt 0.062500 0.187500
vt 0.062500 0.625000
vt 0.062500 0.125000
vt 0.062500 0.562500
vt 0.062500 0.062500
vt 0.062500 0.500000
vt 0.078125 1.000000
vt 0.062500 0.937500
vt 0.078125 0.000000
vt 0.062500 0.437500
vt 0.062500 0.875000
vt 0.031250 0.125000
vt 0.031250 0.062500
vt 0.031250 0.562500
vt 0.031250 0.500000
vt 0.046875 1.000000
vt 0.031250 0.937500
vt 0.046875 0.000000
vt 0.031250 0.437500
vt 0.031250 0.875000
vt 0.031250 0.375000
vt 0.031250 0.812500
vt 0.031250 0.312500
vt 0.031250 0.750000
vt 0.031250 0.250000
vt 0.031250 0.687500
vt 0.031250 0.187500
vt 0.031250 0.625000
vt 0.000000 0.812500
vt 0.000000 0.750000
vt 0.000000 0.312500
vt 0.000000 0.250000
vt 0.000000 0.687500
vt 0.000000 0.187500
vt 0.000000 0.625000
vt 0.000000 0.125000
vt 0.000000 0.562500
vt 0.000000 0.062500
vt 0.015625 1.000000
vt 0.000000 0.937500
vt 0.015625 0.000000
vt 0.000000 0.437500
vt 0.000000 0.875000
vt 0.000000 0.375000
vt 1.000000 0.562500
vt 0.968750 0.562500
vt 0.968750 0.500000
vt 1.000000 0.937500
vt 0.984375 1.000000
vt 0.968750 0.937500
vt 0.984375 0.000000
vt 1.000000 0.062500
vt 0.968750 0.062500
vt 1.000000 0.437500
vt 0.968750 0.437500
vt 1.000000 0.875000
vt 0.968750 0.875000
vt 1.000000 0.375000
vt 0.968750 0.375000
vt 1.000000 0.812500
vt 0.968750 0.812500
vt 1.000000 0.312500
vt 0.968750 0.312500
vt 1.000000 0.750000
vt 0.968750 0.750000
vt 1.000000 0.250000
vt 0.968750 0.250000
vt 1.000000 0.687500
vt 0.968750 0.687500
vt 1.000000 0.187500
vt 0.968750 0.187500
vt 1.000000 0.625000
vt 0.968750 0.625000
vt 1.000000 0.125000
vt 0.968750 0.125000
vt 0.937500 0.312500
vt 0.937500 0.250000
vt 0.937500 0.750000
vt 0.937500 0.687500
vt 0.937500 0.187500
vt 0.937500 0.625000
vt 0.937500 0.125000
vt 0.937500 0.562500
vt 0.937500 0.062500
vt 0.937500 0.500000
vt 0.953125 1.000000
vt 0.937500 0.937500
vt 0.953125 0.000000
vt 0.937500 0.437500
vt 0.937500 0.875000
vt 0.937500 0.375000
vt 0.937500 0.812500
vt 0.921875 0.000000
vt 0.906250 0.062500
vt 0.906250 0.500000
vt 0.906250 0.437500
vt 0.906250 0.937500
vt 0.906250 0.875000
vt 0.906250 0.375000
vt 0.906250 0.812500
vt 0.906250 0.312500
vt 0.906250 0.750000
vt 0.906250 0.250000
vt 0.906250 0.687500
vt 0.906250 0.187500
vt 0.906250 0.625000
vt 0.906250 0.125000
vt 0.906250 0.562500
vt 0.921875 1.000000
vt 0.875000 0.250000
vt 0.875000 0.187500
vt 0.875000 0.687500
vt 0.875000 0.625000
vt 0.875000 0.125000
vt 0.875000 0.562500
vt 0.875000 0.062500
vt 0.875000 0.500000
vt 0.890625 1.000000
vt 0.875000 0.937500
vt 0.890625 0.000000
vt 0.875000 0.437500
vt 0.875000 0.875000
vt 0.875000 0.375000
vt 0.875000 0.812500
vt 0.875000 0.312500
vt 0.875000 0.750000
vt 0.843750 0.937500
vt 0.843750 0.875000
vt 0.843750 0.437500
vt 0.843750 0.375000
vt 0.843750 0.812500
vt 0.843750 0.312500
vt 0.843750 0.750000
vt 0.843750 0.250000
vt 0.843750 0.687500
vt 0.843750 0.187500
vt 0.843750 0.625000
vt 0.843750 0.125000
vt 0.843750 0.562500
vt 0.843750 0.062500
vt 0.843750 0.500000
vt 0.859375 1.000000
vt 0.859375 0.000000
vt 0.812500 0.687500
vt 0.812500 0.625000
vt 0.812500 0.187500
vt 0.812500 0.125000
vt 0.812500 0.562500
vt 0.812500 0.062500
vt 0.812500 0.500000
vt 0.828125 1.000000
vt 0.812500 0.937500
vt 0.828125 0.000000
vt 0.812500 0.437500
vt 0.812500 0.875000
vt 0.812500 0.375000
vt 0.812500 0.812500
vt 0.812500 0.312500
vt 0.812500 0.750000
vt 0.812500 0.250000
vt 0.781250 0.437500
vt 0.781250 0.375000
vt 0.781250 0.875000
vt 0.781250 0.812500
vt 0.781250 0.312500
vt 0.781250 0.750000
vt 0.781250 0.250000
vt 0.781250 0.687500
vt 0.781250 0.187500
vt 0.781250 0.625000
vt 0.781250 0.125000
vt 0.781250 0.562500
vt 0.781250 0.062500
vt 0.781250 0.500000
vt 0.796875 1.000000
vt 0.781250 0.937500
vt 0.796875 0.000000
vt 0.765625 1.000000
vt 0.765625 0.000000
s 1
usemtl Material.002
f 1/1/1 2/2/1 4/3/1 3/4/1
f 3/4/2 4/3/2 6/5/2 5/6/2
f 5/6/3 6/5/3 8/7/3 7/8/3
f 7/8/4 8/7/4 10/9/4 9/10/4
f 9/10/5 10/9/5 12/11/5 11/12/5
f 11/12/6 12/11/6 14/13/6 13/14/6
f 13/14/7 14/13/7 16/15/7 15/16/7
f 15/16/8 16/15/8 18/17/8 17/18/8
f 17/18/9 18/17/9 20/19/9 19/20/9
f 19/20/10 20/19/10 22/21/10 21/22/10
f 21/22/11 22/21/11 24/23/11 23/24/11
f 23/24/12 24/23/12 26/25/12 25/26/12
f 25/26/13 26/25/13 28/27/13 27/28/13
f 27/28/14 28/27/14 30/29/14 29/30/14
f 29/30/15 30/29/15 32/31/15 31/32/15
f 31/32/16 32/31/16 34/33/16 33/34/16
f 33/34/17 34/33/17 36/35/17 35/36/17
f 35/36/18 36/35/18 38/37/18 37/38/18
f 37/38/19 38/37/19 40/39/19 39/40/19
f 39/40/20 40/39/20 42/41/20 41/42/20
f 41/42/21 42/41/21 44/43/21 43/44/21
f 43/44/22 44/43/22 46/45/22 45/46/22
f 45/46/23 46/45/23 48/47/23 47/48/23
f 47/48/24 48/47/24 50/49/24 49/50/24
f 49/50/25 50/49/25 52/51/25 51/52/25
f 51/52/26 52/51/26 54/53/26 53/54/26
f 53/54/27 54/53/27 56/55/27 55/56/27
f 55/56/28 56/55/28 58/57/28 57/58/28
f 57/58/29 58/57/29 60/59/29 59/60/29
f 59/60/30 60/59/30 62/61/30 61/62/30
f 4/63/31 2/64/31 64/65/31 62/66/31 60/67/31 58/68/31 56/69/31 54/70/31 52/71/31 50/72/31 48/73/31 46/74/31 44/75/31 42/76/31 40/77/31 38/78/31 36/79/31 34/80/31 32/81/31 30/82/31 28/83/31 26/84/31 24/85/31 22/86/31 20/87/31 18/88/31 16/89/31 14/90/31 12/91/31 10/92/31 8/93/31 6/94/31
f 61/62/32 62/61/32 64/95/32 63/96/32
f 63/96/33 64/95/33 2/97/33 1/98/33
f 1/99/34 3/100/34 5/101/34 7/102/34 9/103/34 11/104/34 13/105/34 15/106/34 17/107/34 19/108/34 21/109/34 23/110/34 25/111/34 27/112/34 29/113/34 31/114/34 33/115/34 35/116/34 37/117/34 39/118/34 41/119/34 43/120/34 45/121/34 47/122/34 49/123/34 51/124/34 53/125/34 55/126/34 57/127/34 59/128/34 61/129/34 63/130/34
f 193/1/35 194/2/35 196/3/35 195/4/35
f 195/4/36 196/3/36 198/5/36 197/6/36
f 197/6/37 198/5/37 200/7/37 199/8/37
f 199/8/38 200/7/38 202/9/38 201/10/38
f 201/10/39 202/9/39 204/11/39 203/12/39
f 203/12/40 204/11/40 206/13/40 205/14/40
f 205/14/41 206/13/41 208/15/41 207/16/41
f 207/16/42 208/15/42 210/17/42 209/18/42
f 209/18/43 210/17/43 212/19/43 211/20/43
f 211/20/44 212/19/44 214/21/44 213/22/44
f 213/22/45 214/21/45 216/23/45 215/24/45
f 215/24/46 216/23/46 218/25/46 217/26/46
f 217/26/47 218/25/47 220/27/47 219/28/47
f 219/28/48 220/27/48 222/29/48 221/30/48
f 221/30/49 222/29/49 224/31/49 223/32/49
f 223/32/50 224/31/50 226/33/50 225/34/50
f 225/34/51 226/33/51 228/35/51 227/36/51
f 227/36/52 228/35/52 230/37/52 229/38/52
f 229/38/53 230/37/53 232/39/53 231/40/53
f 231/40/54 232/39/54 234/41/54 233/42/54
f 233/42/55 234/41/55 236/43/55 235/44/55
f 235/44/56 236/43/56 238/45/56 237/46/56
f 237/46/57 238/45/57 240/47/57 239/48/57
f 239/48/58 240/47/58 242/49/58 241/50/58
f 241/50/59 242/49/59 244/51/59 243/52/59
f 243/52/60 244/51/60 246/53/60 245/54/60
f 245/54/61 246/53/61 248/55/61 247/56/61
f 247/56/62 248/55/62 250/57/62 249/58/62
f 249/58/63 250/57/63 252/59/63 251/60/63
f 251/60/64 252/59/64 254/61/64 253/62/64
f 196/63/65 194/64/65 256/65/65 254/66/65 252/67/65 250/68/65 248/69/65 246/70/65 244/71/65 242/72/65 240/73/65 238/74/65 236/75/65 234/76/65 232/77/65 230/78/65 228/79/65 226/80/65 224/81/65 222/82/65 220/83/65 218/84/65 216/85/65 214/86/65 212/87/65 210/88/65 208/89/65 206/90/65 204/91/65 202/92/65 200/93/65 198/94/65
f 253/62/66 254/61/66 256/95/66 255/96/66
f 255/96/67 256/95/67 194/97/67 193/98/67
f 193/99/68 195/100/68 197/101/68 199/102/68 201/103/68 203/104/68 205/105/68 207/106/68 209/107/68 211/108/68 213/109/68 215/110/68 217/111/68 219/112/68 221/113/68 223/114/68 225/115/68 227/116/68 229/117/68 231/118/68 233/119/68 235/120/68 237/121/68 239/122/68 241/123/68 243/124/68 245/125/68 247/126/68 249/127/68 251/128/68 253/129/68 255/130/68
f 803/1/35 804/2/35 806/3/35 805/4/35
f 805/4/36 806/3/36 808/5/36 807/6/36
f 807/6/37 808/5/37 810/7/37 809/8/37
f 809/8/38 810/7/38 812/9/38 811/10/38
f 811/10/39 812/9/39 814/11/39 813/12/39
f 813/12/40 814/11/40 816/13/40 815/14/40
f 815/14/41 816/13/41 818/15/41 817/16/41
f 817/16/42 818/15/42 820/17/42 819/18/42
f 819/18/43 820/17/43 822/19/43 821/20/43
f 821/20/44 822/19/44 824/21/44 823/22/44
f 823/22/45 824/21/45 826/23/45 825/24/45
f 825/24/46 826/23/46 828/25/46 827/26/46
f 827/26/47 828/25/47 830/27/47 829/28/47
f 829/28/48 830/27/48 832/29/48 831/30/48
f 831/30/49 832/29/49 834/31/49 833/32/49
f 833/32/50 834/31/50 836/33/50 835/34/50
f 835/34/51 836/33/51 838/35/51 837/36/51
f 837/36/52 838/35/52 840/37/52 839/38/52
f 839/38/53 840/37/53 842/39/53 841/40/53
f 841/40/54 842/39/54 844/41/54 843/42/54
f 843/42/55 844/41/55 846/43/55 845/44/55
f 845/44/56 846/43/56 848/45/56 847/46/56
f 847/46/57 848/45/57 850/47/57 849/48/57
f 849/48/58 850/47/58 852/49/58 851/50/58
f 851/50/59 852/49/59 854/51/59 853/52/59
f 853/52/60 854/51/60 856/53/60 855/54/60
f 855/54/61 856/53/61 858/55/61 857/56/61
f 857/56/62 858/55/62 860/57/62 859/58/62
f 859/58/63 860/57/63 862/59/63 861/60/63
f 861/60/64 862/59/64 864/61/64 863/62/64
f 806/63/65 804/64/65 866/65/65 864/66/65 862/67/65 860/68/65 858/69/65 856/70/65 854/71/65 852/72/65 850/73/65 848/74/65 846/75/65 844/76/65 842/77/65 840/78/65 838/79/65 836/80/65 834/81/65 832/82/65 830/83/65 828/84/65 826/85/65 824/86/65 822/87/65 820/88/65 818/89/65 816/90/65 814/91/65 812/92/65 810/93/65 808/94/65
f 863/62/66 864/61/66 866/95/66 865/96/66
f 865/96/67 866/95/67 804/97/67 803/98/67
f 803/99/68 805/100/68 807/101/68 809/102/68 811/103/68 813/104/68 815/105/68 817/106/68 819/107/68 821/108/68 823/109/68 825/110/68 827/111/68 829/112/68 831/113/68 833/114/68 835/115/68 837/116/68 839/117/68 841/118/68 843/119/68 845/120/68 847/121/68 849/122/68 851/123/68 853/124/68 855/125/68 857/126/68 859/127/68 861/128/68 863/129/68 865/130/68
f 867/1/35 868/2/35 870/3/35 869/4/35
f 869/4/36 870/3/36 872/5/36 871/6/36
f 871/6/37 872/5/37 874/7/37 873/8/37
f 873/8/38 874/7/38 876/9/38 875/10/38
f 875/10/39 876/9/39 878/11/39 877/12/39
f 877/12/40 878/11/40 880/13/40 879/14/40
f 879/14/41 880/13/41 882/15/41 881/16/41
f 881/16/42 882/15/42 884/17/42 883/18/42
f 883/18/43 884/17/43 886/19/43 885/20/43
f 885/20/44 886/19/44 888/21/44 887/22/44
f 887/22/45 888/21/45 890/23/45 889/24/45
f 889/24/46 890/23/46 892/25/46 891/26/46
f 891/26/47 892/25/47 894/27/47 893/28/47
f 893/28/48 894/27/48 896/29/48 895/30/48
f 895/30/49 896/29/49 898/31/49 897/32/49
f 897/32/50 898/31/50 900/33/50 899/34/50
f 899/34/51 900/33/51 902/35/51 901/36/51
f 901/36/52 902/35/52 904/37/52 903/38/52
f 903/38/53 904/37/53 906/39/53 905/40/53
f 905/40/54 906/39/54 908/41/54 907/42/54
f 907/42/55 908/41/55 910/43/55 909/44/55
f 909/44/56 910/43/56 912/45/56 911/46/56
f 911/46/57 912/45/57 914/47/57 913/48/57
f 913/48/58 914/47/58 916/49/58 915/50/58
f 915/50/59 916/49/59 918/51/59 917/52/59
f 917/52/60 918/51/60 920/53/60 919/54/60
f 919/54/61 920/53/61 922/55/61 921/56/61
f 921/56/62 922/55/62 924/57/62 923/58/62
f 923/58/63 924/57/63 926/59/63 925/60/63
f 925/60/64 926/59/64 928/61/64 927/62/64
f 870/63/65 868/64/65 930/65/65 928/66/65 926/67/65 924/68/65 922/69/65 920/70/65 918/71/65 916/72/65 914/73/65 912/74/65 910/75/65 908/76/65 906/77/65 904/78/65 902/79/65 900/80/65 898/81/65 896/82/65 894/83/65 892/84/65 890/85/65 888/86/65 886/87/65 884/88/65 882/89/65 880/90/65 878/91/65 876/92/65 874/93/65 872/94/65
f 927/62/66 928/61/66 930/95/66 929/96/66
f 929/96/67 930/95/67 868/97/67 867/98/67
f 867/99/68 869/100/68 871/101/68 873/102/68 875/103/68 877/104/68 879/105/68 881/106/68 883/107/68 885/108/68 887/109/68 889/110/68 891/111/68 893/112/68 895/113/68 897/114/68 899/115/68 901/116/68 903/117/68 905/118/68 907/119/68 909/120/68 911/121/68 913/122/68 915/123/68 917/124/68 919/125/68 921/126/68 923/127/68 925/128/68 927/129/68 929/130/68
f 931/1/35 932/2/35 934/3/35 933/4/35
f 933/4/36 934/3/36 936/5/36 935/6/36
f 935/6/37 936/5/37 938/7/37 937/8/37
f 937/8/38 938/7/38 940/9/38 939/10/38
f 939/10/39 940/9/39 942/11/39 941/12/39
f 941/12/40 942/11/40 944/13/40 943/14/40
f 943/14/41 944/13/41 946/15/41 945/16/41
f 945/16/42 946/15/42 948/17/42 947/18/42
f 947/18/43 948/17/43 950/19/43 949/20/43
f 949/20/44 950/19/44 952/21/44 951/22/44
f 951/22/45 952/21/45 954/23/45 953/24/45
f 953/24/46 954/23/46 956/25/46 955/26/46
f 955/26/47 956/25/47 958/27/47 957/28/47
f 957/28/48 958/27/48 960/29/48 959/30/48
f 959/30/49 960/29/49 962/31/49 961/32/49
f 961/32/50 962/31/50 964/33/50 963/34/50
f 963/34/51 964/33/51 966/35/51 965/36/51
f 965/36/52 966/35/52 968/37/52 967/38/52
f 967/38/53 968/37/53 970/39/53 969/40/53
f 969/40/54 970/39/54 972/41/54 971/42/54
f 971/42/55 972/41/55 974/43/55 973/44/55
f 973/44/56 974/43/56 976/45/56 975/46/56
f 975/46/57 976/45/57 978/47/57 977/48/57
f 977/48/58 978/47/58 980/49/58 979/50/58
f 979/50/59 980/49/59 982/51/59 981/52/59
f 981/52/60 982/51/60 984/53/60 983/54/60
f 983/54/61 984/53/61 986/55/61 985/56/61
f 985/56/62 986/55/62 988/57/62 987/58/62
f 987/58/63 988/57/63 990/59/63 989/60/63
f 989/60/64 990/59/64 992/61/64 991/62/64
f 934/63/65 932/64/65 994/65/65 992/66/65 990/67/65 988/68/65 986/69/65 984/70/65 982/71/65 980/72/65 978/73/65 976/74/65 974/75/65 972/76/65 970/77/65 968/78/65 966/79/65 964/80/65 962/81/65 960/82/65 958/83/65 956/84/65 954/85/65 952/86/65 950/87/65 948/88/65 946/89/65 944/90/65 942/91/65 940/92/65 938/93/65 936/94/65
f 991/62/66 992/61/66 994/95/66 993/96/66
f 993/96/67 994/95/67 932/97/67 931/98/67
f 931/99/68 933/100/68 935/101/68 937/102/68 939/103/68 941/104/68 943/105/68 945/106/68 947/107/68 949/108/68 951/109/68 953/110/68 955/111/68 957/112/68 959/113/68 961/114/68 963/115/68 965/116/68 967/117/68 969/118/68 971/119/68 973/120/68 975/121/68 977/122/68 979/123/68 981/124/68 983/125/68 985/126/68 987/127/68 989/128/68 991/129/68 993/130/68
f 995/1/35 996/2/35 998/3/35 997/4/35
f 997/4/36 998/3/36 1000/5/36 999/6/36
f 999/6/37 1000/5/37 1002/7/37 1001/8/37
f 1001/8/38 1002/7/38 1004/9/38 1003/10/38
f 1003/10/39 1004/9/39 1006/11/39 1005/12/39
f 1005/12/40 1006/11/40 1008/13/40 1007/14/40
f 1007/14/41 1008/13/41 1010/15/41 1009/16/41
f 1009/16/42 1010/15/42 1012/17/42 1011/18/42
f 1011/18/43 1012/17/43 1014/19/43 1013/20/43
f 1013/20/44 1014/19/44 1016/21/44 1015/22/44
f 1015/22/45 1016/21/45 1018/23/45 1017/24/45
f 1017/24/46 1018/23/46 1020/25/46 1019/26/46
f 1019/26/47 1020/25/47 1022/27/47 1021/28/47
f 1021/28/48 1022/27/48 1024/29/48 1023/30/48
f 1023/30/49 1024/29/49 1026/31/49 1025/32/49
f 1025/32/50 1026/31/50 1028/33/50 1027/34/50
f 1027/34/51 1028/33/51 1030/35/51 1029/36/51
f 1029/36/52 1030/35/52 1032/37/52 1031/38/52
f 1031/38/53 1032/37/53 1034/39/53 1033/40/53
f 1033/40/54 1034/39/54 1036/41/54 1035/42/54
f 1035/42/55 1036/41/55 1038/43/55 1037/44/55
f 1037/44/56 1038/43/56 1040/45/56 1039/46/56
f 1039/46/57 1040/45/57 1042/47/57 1041/48/57
f 1041/48/58 1042/47/58 1044/49/58 1043/50/58
f 1043/50/59 1044/49/59 1046/51/59 1045/52/59
f 1045/52/60 1046/51/60 1048/53/60 1047/54/60
f 1047/54/61 1048/53/61 1050/55/61 1049/56/61
f 1049/56/62 1050/55/62 1052/57/62 1051/58/62
f 1051/58/63 1052/57/63 1054/59/63 1053/60/63
f 1053/60/64 1054/59/64 1056/61/64 1055/62/64
f 998/63/65 996/64/65 1058/65/65 1056/66/65 1054/67/65 1052/68/65 1050/69/65 1048/70/65 1046/71/65 1044/72/65 1042/73/65 1040/74/65 1038/75/65 1036/76/65 1034/77/65 1032/78/65 1030/79/65 1028/80/65 1026/81/65 1024/82/65 1022/83/65 1020/84/65 1018/85/65 1016/86/65 1014/87/65 1012/88/65 1010/89/65 1008/90/65 1006/91/65 1004/92/65 1002/93/65 1000/94/65
f 1055/62/66 1056/61/66 1058/95/66 1057/96/66
f 1057/96/67 1058/95/67 996/97/67 995/98/67
f 995/99/68 997/100/68 999/101/68 1001/102/68 1003/103/68 1005/104/68 1007/105/68 1009/106/68 1011/107/68 1013/108/68 1015/109/68 1017/110/68 1019/111/68 1021/112/68 1023/113/68 1025/114/68 1027/115/68 1029/116/68 1031/117/68 1033/118/68 1035/119/68 1037/120/68 1039/121/68 1041/122/68 1043/123/68 1045/124/68 1047/125/68 1049/126/68 1051/127/68 1053/128/68 1055/129/68 1057/130/68
f 1059/1/35 1060/2/35 1062/3/35 1061/4/35
f 1061/4/36 1062/3/36 1064/5/36 1063/6/36
f 1063/6/37 1064/5/37 1066/7/37 1065/8/37
f 1065/8/38 1066/7/38 1068/9/38 1067/10/38
f 1067/10/39 1068/9/39 1070/11/39 1069/12/39
f 1069/12/40 1070/11/40 1072/13/40 1071/14/40
f 1071/14/41 1072/13/41 1074/15/41 1073/16/41
f 1073/16/42 1074/15/42 1076/17/42 1075/18/42
f 1075/18/43 1076/17/43 1078/19/43 1077/20/43
f 1077/20/44 1078/19/44 1080/21/44 1079/22/44
f 1079/22/45 1080/21/45 1082/23/45 1081/24/45
f 1081/24/46 1082/23/46 1084/25/46 1083/26/46
f 1083/26/47 1084/25/47 1086/27/47 1085/28/47
f 1085/28/48 1086/27/48 1088/29/48 1087/30/48
f 1087/30/49 1088/29/49 1090/31/49 1089/32/49
f 1089/32/50 1090/31/50 1092/33/50 1091/34/50
f 1091/34/51 1092/33/51 1094/35/51 1093/36/51
f 1093/36/52 1094/35/52 1096/37/52 1095/38/52
f 1095/38/53 1096/37/53 1098/39/53 1097/40/53
f 1097/40/54 1098/39/54 1100/41/54 1099/42/54
f 1099/42/55 1100/41/55 1102/43/55 1101/44/55
f 1101/44/56 1102/43/56 1104/45/56 1103/46/56
f 1103/46/57 1104/45/57 1106/47/57 1105/48/57
f 1105/48/58 1106/47/58 1108/49/58 1107/50/58
f 1107/50/59 1108/49/59 1110/51/59 1109/52/59
f 1109/52/60 1110/51/60 1112/53/60 1111/54/60
f 1111/54/61 1112/53/61 1114/55/61 1113/56/61
f 1113/56/62 1114/55/62 1116/57/62 1115/58/62
f 1115/58/63 1116/57/63 1118/59/63 1117/60/63
f 1117/60/64 1118/59/64 1120/61/64 1119/62/64
f 1062/63/65 1060/64/65 1122/65/65 1120/66/65 1118/67/65 1116/68/65 1114/69/65 1112/70/65 1110/71/65 1108/72/65 1106/73/65 1104/74/65 1102/75/65 1100/76/65 1098/77/65 1096/78/65 1094/79/65 1092/80/65 1090/81/65 1088/82/65 1086/83/65 1084/84/65 1082/85/65 1080/86/65 1078/87/65 1076/88/65 1074/89/65 1072/90/65 1070/91/65 1068/92/65 1066/93/65 1064/94/65
f 1119/62/66 1120/61/66 1122/95/66 1121/96/66
f 1121/96/67 1122/95/67 1060/97/67 1059/98/67
f 1059/99/68 1061/100/68 1063/101/68 1065/102/68 1067/103/68 1069/104/68 1071/105/68 1073/106/68 1075/107/68 1077/108/68 1079/109/68 1081/110/68 1083/111/68 1085/112/68 1087/113/68 1089/114/68 1091/115/68 1093/116/68 1095/117/68 1097/118/68 1099/119/68 1101/120/68 1103/121/68 1105/122/68 1107/123/68 1109/124/68 1111/125/68 1113/126/68 1115/127/68 1117/128/68 1119/129/68 1121/130/68
f 1123/1/581 1124/2/581 1126/3/581 1125/4/581
f 1125/4/582 1126/3/582 1128/5/582 1127/6/582
f 1127/6/583 1128/5/583 1130/7/583 1129/8/583
f 1129/8/584 1130/7/584 1132/9/584 1131/10/584
f 1131/10/585 1132/9/585 1134/11/585 1133/12/585
f 1133/12/586 1134/11/586 1136/13/586 1135/14/586
f 1135/14/587 1136/13/587 1138/15/587 1137/16/587
f 1137/16/588 1138/15/588 1140/17/588 1139/18/588
f 1139/18/589 1140/17/589 1142/19/589 1141/20/589
f 1141/20/590 1142/19/590 1144/21/590 1143/22/590
f 1143/22/591 1144/21/591 1146/23/591 1145/24/591
f 1145/24/592 1146/23/592 1148/25/592 1147/26/592
f 1147/26/593 1148/25/593 1150/27/593 1149/28/593
f 1149/28/594 1150/27/594 1152/29/594 1151/30/594
f 1151/30/595 1152/29/595 1154/31/595 1153/32/595
f 1153/32/596 1154/31/596 1156/33/596 1155/34/596
f 1155/34/597 1156/33/597 1158/35/597 1157/36/597
f 1157/36/598 1158/35/598 1160/37/598 1159/38/598
f 1159/38/599 1160/37/599 1162/39/599 1161/40/599
f 1161/40/600 1162/39/600 1164/41/600 1163/42/600
f 1163/42/601 1164/41/601 1166/43/601 1165/44/601
f 1165/44/602 1166/43/602 1168/45/602 1167/46/602
f 1167/46/603 1168/45/603 1170/47/603 1169/48/603
f 1169/48/604 1170/47/604 1172/49/604 1171/50/604
f 1171/50/605 1172/49/605 1174/51/605 1173/52/605
f 1173/52/606 1174/51/606 1176/53/606 1175/54/606
f 1175/54/607 1176/53/607 1178/55/607 1177/56/607
f 1177/56/608 1178/55/608 1180/57/608 1179/58/608
f 1179/58/609 1180/57/609 1182/59/609 1181/60/609
f 1181/60/610 1182/59/610 1184/61/610 1183/62/610
f 1126/63/611 1124/64/611 1186/65/611 1184/66/611 1182/67/611 1180/68/611 1178/69/611 1176/70/611 1174/71/611 1172/72/611 1170/73/611 1168/74/611 1166/75/611 1164/76/611 1162/77/611 1160/78/611 1158/79/611 1156/80/611 1154/81/611 1152/82/611 1150/83/611 1148/84/611 1146/85/611 1144/86/611 1142/87/611 1140/88/611 1138/89/611 1136/90/611 1134/91/611 1132/92/611 1130/93/611 1128/94/611
f 1183/62/612 1184/61/612 1186/95/612 1185/96/612
f 1185/96/613 1186/95/613 1124/97/613 1123/98/613
f 1123/99/614 1125/100/614 1127/101/614 1129/102/614 1131/103/614 1133/104/614 1135/105/614 1137/106/614 1139/107/614 1141/108/614 1143/109/614 1145/110/614 1147/111/614 1149/112/614 1151/113/614 1153/114/614 1155/115/614 1157/116/614 1159/117/614 1161/118/614 1163/119/614 1165/120/614 1167/121/614 1169/122/614 1171/123/614 1173/124/614 1175/125/614 1177/126/614 1179/127/614 1181/128/614 1183/129/614 1185/130/614
usemtl Material.001
f 65/1/35 66/2/35 68/3/35 67/4/35
f 67/4/36 68/3/36 70/5/36 69/6/36
f 69/6/37 70/5/37 72/7/37 71/8/37
f 71/8/38 72/7/38 74/9/38 73/10/38
f 73/10/39 74/9/39 76/11/39 75/12/39
f 75/12/40 76/11/40 78/13/40 77/14/40
f 77/14/41 78/13/41 80/15/41 79/16/41
f 79/16/42 80/15/42 82/17/42 81/18/42
f 81/18/43 82/17/43 84/19/43 83/20/43
f 83/20/44 84/19/44 86/21/44 85/22/44
f 85/22/45 86/21/45 88/23/45 87/24/45
f 87/24/46 88/23/46 90/25/46 89/26/46
f 89/26/47 90/25/47 92/27/47 91/28/47
f 91/28/48 92/27/48 94/29/48 93/30/48
f 93/30/49 94/29/49 96/31/49 95/32/49
f 95/32/50 96/31/50 98/33/50 97/34/50
f 97/34/51 98/33/51 100/35/51 99/36/51
f 99/36/52 100/35/52 102/37/52 101/38/52
f 101/38/53 102/37/53 104/39/53 103/40/53
f 103/40/54 104/39/54 106/41/54 105/42/54
f 105/42/55 106/41/55 108/43/55 107/44/55
f 107/44/56 108/43/56 110/45/56 109/46/56
f 109/46/57 110/45/57 112/47/57 111/48/57
f 111/48/58 112/47/58 114/49/58 113/50/58
f 113/50/59 114/49/59 116/51/59 115/52/59
f 115/52/60 116/51/60 118/53/60 117/54/60
f 117/54/61 118/53/61 120/55/61 119/56/61
f 119/56/62 120/55/62 122/57/62 121/58/62
f 121/58/63 122/57/63 124/59/63 123/60/63
f 123/60/64 124/59/64 126/61/64 125/62/64
f 68/63/65 66/64/65 128/65/65 126/66/65 124/67/65 122/68/65 120/69/65 118/70/65 116/71/65 114/72/65 112/73/65 110/74/65 108/75/65 106/76/65 104/77/65 102/78/65 100/79/65 98/80/65 96/81/65 94/82/65 92/83/65 90/84/65 88/85/65 86/86/65 84/87/65 82/88/65 80/89/65 78/90/65 76/91/65 74/92/65 72/93/65 70/94/65
f 125/62/66 126/61/66 128/95/66 127/96/66
f 127/96/67 128/95/67 66/97/67 65/98/67
f 65/99/68 67/100/68 69/101/68 71/102/68 73/103/68 75/104/68 77/105/68 79/106/68 81/107/68 83/108/68 85/109/68 87/110/68 89/111/68 91/112/68 93/113/68 95/114/68 97/115/68 99/116/68 101/117/68 103/118/68 105/119/68 107/120/68 109/121/68 111/122/68 113/123/68 115/124/68 117/125/68 119/126/68 121/127/68 123/128/68 125/129/68 127/130/68
f 129/1/35 130/2/35 132/3/35 131/4/35
f 131/4/36 132/3/36 134/5/36 133/6/36
f 133/6/37 134/5/37 136/7/37 135/8/37
f 135/8/38 136/7/38 138/9/38 137/10/38
f 137/10/39 138/9/39 140/11/39 139/12/39
f 139/12/40 140/11/40 142/13/40 141/14/40
f 141/14/41 142/13/41 144/15/41 143/16/41
f 143/16/42 144/15/42 146/17/42 145/18/42
f 145/18/43 146/17/43 148/19/43 147/20/43
f 147/20/44 148/19/44 150/21/44 149/22/44
f 149/22/45 150/21/45 152/23/45 151/24/45
f 151/24/46 152/23/46 154/25/46 153/26/46
f 153/26/47 154/25/47 156/27/47 155/28/47
f 155/28/48 156/27/48 158/29/48 157/30/48
f 157/30/49 158/29/49 160/31/49 159/32/49
f 159/32/50 160/31/50 162/33/50 161/34/50
f 161/34/51 162/33/51 164/35/51 163/36/51
f 163/36/52 164/35/52 166/37/52 165/38/52
f 165/38/53 166/37/53 168/39/53 167/40/53
f 167/40/54 168/39/54 170/41/54 169/42/54
f 169/42/55 170/41/55 172/43/55 171/44/55
f 171/44/56 172/43/56 174/45/56 173/46/56
f 173/46/57 174/45/57 176/47/57 175/48/57
f 175/48/58 176/47/58 178/49/58 177/50/58
f 177/50/59 178/49/59 180/51/59 179/52/59
f 179/52/60 180/51/60 182/53/60 181/54/60
f 181/54/61 182/53/61 184/55/61 183/56/61
f 183/56/62 184/55/62 186/57/62 185/58/62
f 185/58/63 186/57/63 188/59/63 187/60/63
f 187/60/64 188/59/64 190/61/64 189/62/64
f 132/63/65 130/64/65 192/65/65 190/66/65 188/67/65 186/68/65 184/69/65 182/70/65 180/71/65 178/72/65 176/73/65 174/74/65 172/75/65 170/76/65 168/77/65 166/78/65 164/79/65 162/80/65 160/81/65 158/82/65 156/83/65 154/84/65 152/85/65 150/86/65 148/87/65 146/88/65 144/89/65 142/90/65 140/91/65 138/92/65 136/93/65 134/94/65
f 189/62/66 190/61/66 192/95/66 191/96/66
f 191/96/67 192/95/67 130/97/67 129/98/67
f 129/99/68 131/100/68 133/101/68 135/102/68 137/103/68 139/104/68 141/105/68 143/106/68 145/107/68 147/108/68 149/109/68 151/110/68 153/111/68 155/112/68 157/113/68 159/114/68 161/115/68 163/116/68 165/117/68 167/118/68 169/119/68 171/120/68 173/121/68 175/122/68 177/123/68 179/124/68 181/125/68 183/126/68 185/127/68 187/128/68 189/129/68 191/130/68
f 733/131/69 258/132/69 267/133/69 268/134/69
f 737/135/70 736/136/70 275/137/70 276/138/70
f 259/139/71 733/131/71 268/134/71 269/140/71
f 738/141/72 737/135/72 276/138/72 277/142/72
f 260/18/73 259/139/73 269/140/73 270/20/73
f 730/143/74 338/144/74 263/145/74
f 564/146/75 738/141/75 277/142/75
f 261/147/76 260/18/76 270/20/76 271/148/76
f 731/149/77 730/143/77 263/145/77 264/150/77
f 734/151/78 261/147/78 271/148/78 272/152/78
f 257/153/79 731/149/79 264/150/79 265/154/79
f 262/155/80 734/151/80 272/152/80 273/156/80
f 732/157/81 257/153/81 265/154/81 266/158/81
f 735/159/82 262/155/82 273/156/82 274/160/82
f 258/132/83 732/157/83 266/158/83 267/133/83
f 736/136/84 735/159/84 274/160/84 275/137/84
f 267/133/85 266/158/85 281/161/85 282/162/85
f 275/137/86 274/160/86 289/163/86 290/164/86
f 268/134/87 267/133/87 282/162/87 283/165/87
f 276/138/88 275/137/88 290/164/88 291/166/88
f 269/140/89 268/134/89 283/165/89 284/167/89
f 277/142/90 276/138/90 291/166/90 292/168/90
f 270/20/91 269/140/91 284/167/91 285/22/91
f 263/145/92 338/169/92 278/170/92
f 564/171/93 277/142/93 292/168/93
f 271/148/94 270/20/94 285/22/94 286/172/94
f 264/150/95 263/145/95 278/170/95 279/173/95
f 272/152/96 271/148/96 286/172/96 287/174/96
f 265/154/97 264/150/97 279/173/97 280/175/97
f 273/156/98 272/152/98 287/174/98 288/176/98
f 266/158/99 265/154/99 280/175/99 281/161/99
f 274/160/100 273/156/100 288/176/100 289/163/100
f 286/172/101 285/22/101 300/24/101 301/177/101
f 279/173/102 278/170/102 293/178/102 294/179/102
f 287/174/103 286/172/103 301/177/103 302/180/103
f 280/175/104 279/173/104 294/179/104 295/181/104
f 288/176/105 287/174/105 302/180/105 303/182/105
f 281/161/106 280/175/106 295/181/106 296/183/106
f 289/163/107 288/176/107 303/182/107 304/184/107
f 282/162/108 281/161/108 296/183/108 297/185/108
f 290/164/109 289/163/109 304/184/109 305/186/109
f 283/165/110 282/162/110 297/185/110 298/187/110
f 291/166/111 290/164/111 305/186/111 306/188/111
f 284/167/112 283/165/112 298/187/112 299/189/112
f 292/168/113 291/166/113 306/188/113 307/190/113
f 285/22/114 284/167/114 299/189/114 300/24/114
f 278/170/115 338/191/115 293/178/115
f 564/192/116 292/168/116 307/190/116
f 305/186/117 304/184/117 319/193/117 320/194/117
f 298/187/118 297/185/118 312/195/118 313/196/118
f 306/188/119 305/186/119 320/194/119 321/197/119
f 299/189/120 298/187/120 313/196/120 314/198/120
f 307/190/121 306/188/121 321/197/121 322/199/121
f 300/24/122 299/189/122 314/198/122 315/26/122
f 293/178/123 338/200/123 308/201/123
f 564/202/124 307/190/124 322/199/124
f 301/177/125 300/24/125 315/26/125 316/203/125
f 294/179/126 293/178/126 308/201/126 309/204/126
f 302/180/127 301/177/127 316/203/127 317/205/127
f 295/181/128 294/179/128 309/204/128 310/206/128
f 303/182/129 302/180/129 317/205/129 318/207/129
f 296/183/130 295/181/130 310/206/130 311/208/130
f 304/184/131 303/182/131 318/207/131 319/193/131
f 297/185/132 296/183/132 311/208/132 312/195/132
f 309/204/133 308/201/133 323/209/133 324/210/133
f 317/205/134 316/203/134 331/211/134 332/212/134
f 310/206/135 309/204/135 324/210/135 325/213/135
f 318/207/136 317/205/136 332/212/136 333/214/136
f 311/208/137 310/206/137 325/213/137 326/215/137
f 319/193/138 318/207/138 333/214/138 334/216/138
f 312/195/139 311/208/139 326/215/139 327/217/139
f 320/194/140 319/193/140 334/216/140 335/218/140
f 313/196/141 312/195/141 327/217/141 328/219/141
f 321/197/142 320/194/142 335/218/142 336/220/142
f 314/198/143 313/196/143 328/219/143 329/221/143
f 322/199/144 321/197/144 336/220/144 337/222/144
f 315/26/145 314/198/145 329/221/145 330/28/145
f 308/201/146 338/223/146 323/209/146
f 564/224/147 322/199/147 337/222/147
f 316/203/148 315/26/148 330/28/148 331/211/148
f 328/219/149 327/217/149 343/225/149 344/226/149
f 336/220/150 335/218/150 351/227/150 352/228/150
f 329/221/151 328/219/151 344/226/151 345/229/151
f 337/222/152 336/220/152 352/228/152 353/230/152
f 330/28/153 329/221/153 345/229/153 346/30/153
f 323/209/154 338/231/154 339/232/154
f 564/233/155 337/222/155 353/230/155
f 331/211/156 330/28/156 346/30/156 347/234/156
f 324/210/157 323/209/157 339/232/157 340/235/157
f 332/212/158 331/211/158 347/234/158 348/236/158
f 325/213/159 324/210/159 340/235/159 341/237/159
f 333/214/160 332/212/160 348/236/160 349/238/160
f 326/215/161 325/213/161 341/237/161 342/239/161
f 334/216/162 333/214/162 349/238/162 350/240/162
f 327/217/163 326/215/163 342/239/163 343/225/163
f 335/218/164 334/216/164 350/240/164 351/227/164
f 348/236/165 347/234/165 362/241/165 363/242/165
f 341/237/166 340/235/166 355/243/166 356/244/166
f 349/238/167 348/236/167 363/242/167 364/245/167
f 342/239/168 341/237/168 356/244/168 357/246/168
f 350/240/169 349/238/169 364/245/169 365/247/169
f 343/225/170 342/239/170 357/246/170 358/248/170
f 351/227/171 350/240/171 365/247/171 366/249/171
f 344/226/172 343/225/172 358/248/172 359/250/172
f 352/228/173 351/227/173 366/249/173 367/251/173
f 345/229/174 344/226/174 359/250/174 360/252/174
f 353/230/175 352/228/175 367/251/175 368/253/175
f 346/30/176 345/229/176 360/252/176 361/32/176
f 339/232/177 338/254/177 354/255/177
f 564/256/178 353/230/178 368/253/178
f 347/234/179 346/30/179 361/32/179 362/241/179
f 340/235/180 339/232/180 354/255/180 355/243/180
f 367/251/181 366/249/181 381/257/181 382/258/181
f 360/252/182 359/250/182 374/259/182 375/260/182
f 368/253/183 367/251/183 382/258/183 383/261/183
f 361/32/184 360/252/184 375/260/184 376/262/184
f 354/255/185 338/263/185 369/264/185
f 564/265/186 368/253/186 383/261/186
f 362/241/187 361/32/187 376/262/187 377/266/187
f 355/243/188 354/255/188 369/264/188 370/267/188
f 363/242/189 362/241/189 377/266/189 378/268/189
f 356/244/190 355/243/190 370/267/190 371/269/190
f 364/245/191 363/242/191 378/268/191 379/270/191
f 357/246/192 356/244/192 371/269/192 372/271/192
f 365/247/193 364/245/193 379/270/193 380/272/193
f 358/248/194 357/246/194 372/271/194 373/273/194
f 366/249/195 365/247/195 380/272/195 381/257/195
f 359/250/196 358/248/196 373/273/196 374/259/196
f 379/270/197 378/268/197 393/274/197 394/275/197
f 372/271/198 371/269/198 386/276/198 387/277/198
f 380/272/199 379/270/199 394/275/199 395/278/199
f 373/273/200 372/271/200 387/277/200 388/279/200
f 381/257/201 380/272/201 395/278/201 396/280/201
f 374/259/202 373/273/202 388/279/202 389/281/202
f 382/258/203 381/257/203 396/280/203 397/282/203
f 375/260/204 374/259/204 389/281/204 390/283/204
f 383/261/205 382/258/205 397/282/205 398/284/205
f 376/262/206 375/260/206 390/283/206 391/285/206
f 369/264/207 338/286/207 384/287/207
f 564/288/208 383/261/208 398/284/208
f 377/266/209 376/262/209 391/285/209 392/289/209
f 370/267/210 369/264/210 384/287/210 385/290/210
f 378/268/211 377/266/211 392/289/211 393/274/211
f 371/269/212 370/267/212 385/290/212 386/276/212
f 398/284/213 397/282/213 412/291/213 413/292/213
f 391/285/214 390/283/214 405/293/214 406/294/214
f 384/287/215 338/295/215 399/296/215
f 564/297/216 398/284/216 413/292/216
f 392/289/217 391/285/217 406/294/217 407/298/217
f 385/290/218 384/287/218 399/296/218 400/299/218
f 393/274/219 392/289/219 407/298/219 408/300/219
f 386/276/220 385/290/220 400/299/220 401/301/220
f 394/275/221 393/274/221 408/300/221 409/302/221
f 387/277/222 386/276/222 401/301/222 402/303/222
f 395/278/223 394/275/223 409/302/223 410/304/223
f 388/279/224 387/277/224 402/303/224 403/305/224
f 396/280/225 395/278/225 410/304/225 411/306/225
f 389/281/226 388/279/226 403/305/226 404/307/226
f 397/282/227 396/280/227 411/306/227 412/291/227
f 390/283/228 389/281/228 404/307/228 405/293/228
f 402/303/229 401/301/229 416/308/229 417/309/229
f 410/304/230 409/302/230 424/310/230 425/311/230
f 403/305/231 402/303/231 417/309/231 418/312/231
f 411/306/232 410/304/232 425/311/232 426/313/232
f 404/307/233 403/305/233 418/312/233 419/314/233
f 412/291/234 411/306/234 426/313/234 427/315/234
f 405/293/235 404/307/235 419/314/235 420/316/235
f 413/292/236 412/291/236 427/315/236 428/317/236
f 406/294/237 405/293/237 420/316/237 421/318/237
f 399/296/238 338/319/238 414/320/238
f 564/321/239 413/292/239 428/317/239
f 407/298/240 406/294/240 421/318/240 422/322/240
f 400/299/241 399/296/241 414/320/241 415/323/241
f 408/300/242 407/298/242 422/322/242 423/324/242
f 401/301/243 400/299/243 415/323/243 416/308/243
f 409/302/244 408/300/244 423/324/244 424/310/244
f 421/318/245 420/316/245 435/325/245 436/326/245
f 414/320/246 338/327/246 429/328/246
f 564/329/247 428/317/247 443/330/247
f 422/322/248 421/318/248 436/326/248 437/331/248
f 415/323/249 414/320/249 429/328/249 430/332/249
f 423/324/250 422/322/250 437/331/250 438/333/250
f 416/308/251 415/323/251 430/332/251 431/334/251
f 424/310/252 423/324/252 438/333/252 439/335/252
f 417/309/253 416/308/253 431/334/253 432/336/253
f 425/311/254 424/310/254 439/335/254 440/337/254
f 418/312/255 417/309/255 432/336/255 433/338/255
f 426/313/256 425/311/256 440/337/256 441/339/256
f 419/314/257 418/312/257 433/338/257 434/340/257
f 427/315/258 426/313/258 441/339/258 442/341/258
f 420/316/259 419/314/259 434/340/259 435/325/259
f 428/317/260 427/315/260 442/341/260 443/330/260
f 440/337/261 439/335/261 454/342/261 455/343/261
f 433/338/262 432/336/262 447/344/262 448/345/262
f 441/339/263 440/337/263 455/343/263 456/346/263
f 434/340/264 433/338/264 448/345/264 449/347/264
f 442/341/265 441/339/265 456/346/265 457/348/265
f 435/325/266 434/340/266 449/347/266 450/349/266
f 443/330/267 442/341/267 457/348/267 458/350/267
f 436/326/268 435/325/268 450/349/268 451/351/268
f 429/328/269 338/352/269 444/353/269
f 564/354/270 443/330/270 458/350/270
f 437/331/271 436/326/271 451/351/271 452/355/271
f 430/332/272 429/328/272 444/353/272 445/356/272
f 438/333/273 437/331/273 452/355/273 453/357/273
f 431/334/274 430/332/274 445/356/274 446/358/274
f 439/335/275 438/333/275 453/357/275 454/342/275
f 432/336/276 431/334/276 446/358/276 447/344/276
f 444/353/277 338/359/277 459/360/277
f 564/361/278 458/350/278 473/362/278
f 452/355/279 451/351/279 466/363/279 467/364/279
f 445/356/280 444/353/280 459/360/280 460/365/280
f 453/357/281 452/355/281 467/364/281 468/366/281
f 446/358/282 445/356/282 460/365/282 461/367/282
f 454/342/283 453/357/283 468/366/283 469/368/283
f 447/344/284 446/358/284 461/367/284 462/369/284
f 455/343/285 454/342/285 469/368/285 470/370/285
f 448/345/286 447/344/286 462/369/286 463/371/286
f 456/346/287 455/343/287 470/370/287 471/372/287
f 449/347/288 448/345/288 463/371/288 464/373/288
f 457/348/289 456/346/289 471/372/289 472/374/289
f 450/349/290 449/347/290 464/373/290 465/375/290
f 458/350/291 457/348/291 472/374/291 473/362/291
f 451/351/292 450/349/292 465/375/292 466/363/292
f 463/371/293 462/369/293 477/376/293 478/377/293
f 471/372/294 470/370/294 485/378/294 486/379/294
f 464/373/295 463/371/295 478/377/295 479/380/295
f 472/374/296 471/372/296 486/379/296 487/381/296
f 465/375/297 464/373/297 479/380/297 480/382/297
f 473/362/298 472/374/298 487/381/298 488/383/298
f 466/363/299 465/375/299 480/382/299 481/384/299
f 459/360/300 338/385/300 474/386/300
f 564/387/301 473/362/301 488/383/301
f 467/364/302 466/363/302 481/384/302 482/388/302
f 460/365/303 459/360/303 474/386/303 475/389/303
f 468/366/304 467/364/304 482/388/304 483/390/304
f 461/367/305 460/365/305 475/389/305 476/391/305
f 469/368/306 468/366/306 483/390/306 484/392/306
f 462/369/307 461/367/307 476/391/307 477/376/307
f 470/370/308 469/368/308 484/392/308 485/378/308
f 482/388/309 481/384/309 496/393/309 497/394/309
f 475/389/310 474/386/310 489/395/310 490/396/310
f 483/390/311 482/388/311 497/394/311 498/397/311
f 476/391/312 475/389/312 490/396/312 491/398/312
f 484/392/313 483/390/313 498/397/313 499/399/313
f 477/376/314 476/391/314 491/398/314 492/400/314
f 485/378/315 484/392/315 499/399/315 500/401/315
f 478/377/316 477/376/316 492/400/316 493/402/316
f 486/379/317 485/378/317 500/401/317 501/403/317
f 479/380/318 478/377/318 493/402/318 494/404/318
f 487/381/319 486/379/319 501/403/319 502/405/319
f 480/382/320 479/380/320 494/404/320 495/406/320
f 488/383/321 487/381/321 502/405/321 503/407/321
f 481/384/322 480/382/322 495/406/322 496/393/322
f 474/386/323 338/408/323 489/395/323
f 564/409/324 488/383/324 503/407/324
f 501/403/325 500/401/325 515/410/325 516/411/325
f 494/404/326 493/402/326 508/412/326 509/413/326
f 502/405/327 501/403/327 516/411/327 517/414/327
f 495/406/328 494/404/328 509/413/328 510/415/328
f 503/407/329 502/405/329 517/414/329 518/416/329
f 496/393/330 495/406/330 510/415/330 511/417/330
f 489/395/331 338/418/331 504/419/331
f 564/420/332 503/407/332 518/416/332
f 497/394/333 496/393/333 511/417/333 512/421/333
f 490/396/334 489/395/334 504/419/334 505/422/334
f 498/397/335 497/394/335 512/421/335 513/423/335
f 491/398/336 490/396/336 505/422/336 506/424/336
f 499/399/337 498/397/337 513/423/337 514/425/337
f 492/400/338 491/398/338 506/424/338 507/426/338
f 500/401/339 499/399/339 514/425/339 515/410/339
f 493/402/340 492/400/340 507/426/340 508/412/340
f 513/423/341 512/421/341 527/427/341 528/428/341
f 506/424/342 505/422/342 520/429/342 521/430/342
f 514/425/343 513/423/343 528/428/343 529/431/343
f 507/426/344 506/424/344 521/430/344 522/432/344
f 515/410/345 514/425/345 529/431/345 530/433/345
f 508/412/346 507/426/346 522/432/346 523/434/346
f 516/411/347 515/410/347 530/433/347 531/435/347
f 509/413/348 508/412/348 523/434/348 524/436/348
f 517/414/349 516/411/349 531/435/349 532/437/349
f 510/415/350 509/413/350 524/436/350 525/438/350
f 518/416/351 517/414/351 532/437/351 533/439/351
f 511/417/352 510/415/352 525/438/352 526/440/352
f 504/419/353 338/441/353 519/442/353
f 564/443/354 518/416/354 533/439/354
f 512/421/355 511/417/355 526/440/355 527/427/355
f 505/422/356 504/419/356 519/442/356 520/429/356
f 532/437/357 531/435/357 546/444/357 547/445/357
f 525/438/358 524/436/358 539/446/358 540/447/358
f 533/439/359 532/437/359 547/445/359 548/448/359
f 526/440/360 525/438/360 540/447/360 541/449/360
f 519/442/361 338/450/361 534/451/361
f 564/452/362 533/439/362 548/448/362
f 527/427/363 526/440/363 541/449/363 542/453/363
f 520/429/364 519/442/364 534/451/364 535/454/364
f 528/428/365 527/427/365 542/453/365 543/455/365
f 521/430/366 520/429/366 535/454/366 536/456/366
f 529/431/367 528/428/367 543/455/367 544/457/367
f 522/432/368 521/430/368 536/456/368 537/458/368
f 530/433/369 529/431/369 544/457/369 545/459/369
f 523/434/370 522/432/370 537/458/370 538/460/370
f 531/435/371 530/433/371 545/459/371 546/444/371
f 524/436/372 523/434/372 538/460/372 539/446/372
f 536/456/373 535/454/373 550/461/373 551/462/373
f 544/457/374 543/455/374 558/463/374 559/464/374
f 537/458/375 536/456/375 551/462/375 552/465/375
f 545/459/376 544/457/376 559/464/376 560/466/376
f 538/460/377 537/458/377 552/465/377 553/467/377
f 546/444/378 545/459/378 560/466/378 561/468/378
f 539/446/379 538/460/379 553/467/379 554/469/379
f 547/445/380 546/444/380 561/468/380 562/470/380
f 540/447/381 539/446/381 554/469/381 555/471/381
f 548/448/382 547/445/382 562/470/382 563/472/382
f 541/449/383 540/447/383 555/471/383 556/473/383
f 534/451/384 338/474/384 549/475/384
f 564/476/385 548/448/385 563/472/385
f 542/453/386 541/449/386 556/473/386 557/477/386
f 535/454/387 534/451/387 549/475/387 550/461/387
f 543/455/388 542/453/388 557/477/388 558/463/388
f 555/471/389 554/469/389 570/478/389 571/479/389
f 563/472/390 562/470/390 578/480/390 579/481/390
f 556/473/391 555/471/391 571/479/391 572/482/391
f 549/475/392 338/483/392 565/484/392
f 564/485/393 563/472/393 579/481/393
f 557/477/394 556/473/394 572/482/394 573/486/394
f 550/461/395 549/475/395 565/484/395 566/487/395
f 558/463/396 557/477/396 573/486/396 574/488/396
f 551/462/397 550/461/397 566/487/397 567/489/397
f 559/464/398 558/463/398 574/488/398 575/490/398
f 552/465/399 551/462/399 567/489/399 568/491/399
f 560/466/400 559/464/400 575/490/400 576/492/400
f 553/467/401 552/465/401 568/491/401 569/493/401
f 561/468/402 560/466/402 576/492/402 577/494/402
f 554/469/403 553/467/403 569/493/403 570/478/403
f 562/470/404 561/468/404 577/494/404 578/480/404
f 575/490/405 574/488/405 589/495/405 590/496/405
f 568/491/406 567/489/406 582/497/406 583/498/406
f 576/492/407 575/490/407 590/496/407 591/499/407
f 569/493/408 568/491/408 583/498/408 584/500/408
f 577/494/409 576/492/409 591/499/409 592/501/409
f 570/478/410 569/493/410 584/500/410 585/502/410
f 578/480/411 577/494/411 592/501/411 593/503/411
f 571/479/412 570/478/412 585/502/412 586/504/412
f 579/481/413 578/480/413 593/503/413 594/505/413
f 572/482/414 571/479/414 586/504/414 587/506/414
f 565/484/415 338/507/415 580/508/415
f 564/509/416 579/481/416 594/505/416
f 573/486/417 572/482/417 587/506/417 588/510/417
f 566/487/418 565/484/418 580/508/418 581/511/418
f 574/488/419 573/486/419 588/510/419 589/495/419
f 567/489/420 566/487/420 581/511/420 582/497/420
f 594/505/421 593/503/421 608/512/421 609/513/421
f 587/506/422 586/504/422 601/514/422 602/515/422
f 580/508/423 338/516/423 595/517/423
f 564/518/424 594/505/424 609/513/424
f 588/510/425 587/506/425 602/515/425 603/519/425
f 581/511/426 580/508/426 595/517/426 596/520/426
f 589/495/427 588/510/427 603/519/427 604/521/427
f 582/497/428 581/511/428 596/520/428 597/522/428
f 590/496/429 589/495/429 604/521/429 605/523/429
f 583/498/430 582/497/430 597/522/430 598/524/430
f 591/499/431 590/496/431 605/523/431 606/525/431
f 584/500/432 583/498/432 598/524/432 599/526/432
f 592/501/433 591/499/433 606/525/433 607/527/433
f 585/502/434 584/500/434 599/526/434 600/528/434
f 593/503/435 592/501/435 607/527/435 608/512/435
f 586/504/436 585/502/436 600/528/436 601/514/436
f 598/524/437 597/522/437 612/529/437 613/530/437
f 606/525/438 605/523/438 620/531/438 621/532/438
f 599/526/439 598/524/439 613/530/439 614/533/439
f 607/527/440 606/525/440 621/532/440 622/534/440
f 600/528/441 599/526/441 614/533/441 615/535/441
f 608/512/442 607/527/442 622/534/442 623/536/442
f 601/514/443 600/528/443 615/535/443 616/537/443
f 609/513/444 608/512/444 623/536/444 624/538/444
f 602/515/445 601/514/445 616/537/445 617/98/445
f 595/517/446 338/539/446 610/540/446
f 564/541/447 609/513/447 624/538/447
f 603/519/448 602/515/448 617/98/448 618/542/448
f 596/520/449 595/517/449 610/540/449 611/543/449
f 604/521/450 603/519/450 618/542/450 619/544/450
f 597/522/451 596/520/451 611/543/451 612/529/451
f 605/523/452 604/521/452 619/544/452 620/531/452
f 617/1/453 616/545/453 631/546/453 632/547/453
f 610/548/454 338/549/454 625/550/454
f 564/551/455 624/552/455 639/553/455
f 618/554/456 617/1/456 632/547/456 633/555/456
f 611/556/457 610/548/457 625/550/457 626/557/457
f 619/558/458 618/554/458 633/555/458 634/559/458
f 612/560/459 611/556/459 626/557/459 627/561/459
f 620/562/460 619/558/460 634/559/460 635/563/460
f 613/564/461 612/560/461 627/561/461 628/565/461
f 621/566/462 620/562/462 635/563/462 636/567/462
f 614/568/463 613/564/463 628/565/463 629/569/463
f 622/570/464 621/566/464 636/567/464 637/571/464
f 615/572/465 614/568/465 629/569/465 630/573/465
f 623/574/466 622/570/466 637/571/466 638/575/466
f 616/545/467 615/572/467 630/573/467 631/546/467
f 624/552/468 623/574/468 638/575/468 639/553/468
f 636/567/469 635/563/469 650/576/469 651/577/469
f 629/569/470 628/565/470 643/578/470 644/579/470
f 637/571/471 636/567/471 651/577/471 652/580/471
f 630/573/472 629/569/472 644/579/472 645/581/472
f 638/575/473 637/571/473 652/580/473 653/582/473
f 631/546/474 630/573/474 645/581/474 646/583/474
f 639/553/475 638/575/475 653/582/475 654/584/475
f 632/547/476 631/546/476 646/583/476 647/585/476
f 625/550/477 338/586/477 640/587/477
f 564/588/478 639/553/478 654/584/478
f 633/555/479 632/547/479 647/585/479 648/589/479
f 626/557/480 625/550/480 640/587/480 641/590/480
f 634/559/481 633/555/481 648/589/481 649/591/481
f 627/561/482 626/557/482 641/590/482 642/592/482
f 635/563/483 634/559/483 649/591/483 650/576/483
f 628/565/484 627/561/484 642/592/484 643/578/484
f 564/593/485 654/584/485 669/594/485
f 648/589/486 647/585/486 662/595/486 663/596/486
f 641/590/487 640/587/487 655/597/487 656/598/487
f 649/591/488 648/589/488 663/596/488 664/599/488
f 642/592/489 641/590/489 656/598/489 657/600/489
f 650/576/490 649/591/490 664/599/490 665/601/490
f 643/578/491 642/592/491 657/600/491 658/602/491
f 651/577/492 650/576/492 665/601/492 666/603/492
f 644/579/493 643/578/493 658/602/493 659/604/493
f 652/580/494 651/577/494 666/603/494 667/605/494
f 645/581/495 644/579/495 659/604/495 660/606/495
f 653/582/496 652/580/496 667/605/496 668/607/496
f 646/583/497 645/581/497 660/606/497 661/608/497
f 654/584/498 653/582/498 668/607/498 669/594/498
f 647/585/499 646/583/499 661/608/499 662/595/499
f 640/587/500 338/609/500 655/597/500
f 667/605/501 666/603/501 681/610/501 682/611/501
f 660/606/502 659/604/502 674/612/502 675/613/502
f 668/607/503 667/605/503 682/611/503 683/614/503
f 661/608/504 660/606/504 675/613/504 676/615/504
f 669/594/505 668/607/505 683/614/505 684/616/505
f 662/595/506 661/608/506 676/615/506 677/617/506
f 655/597/507 338/618/507 670/619/507
f 564/620/508 669/594/508 684/616/508
f 663/596/509 662/595/509 677/617/509 678/621/509
f 656/598/510 655/597/510 670/619/510 671/622/510
f 664/599/511 663/596/511 678/621/511 679/623/511
f 657/600/512 656/598/512 671/622/512 672/624/512
f 665/601/513 664/599/513 679/623/513 680/625/513
f 658/602/514 657/600/514 672/624/514 673/626/514
f 666/603/515 665/601/515 680/625/515 681/610/515
f 659/604/516 658/602/516 673/626/516 674/612/516
f 671/622/517 670/619/517 685/627/517 686/628/517
f 679/623/518 678/621/518 693/629/518 694/630/518
f 672/624/519 671/622/519 686/628/519 687/631/519
f 680/625/520 679/623/520 694/630/520 695/632/520
f 673/626/521 672/624/521 687/631/521 688/633/521
f 681/610/522 680/625/522 695/632/522 696/634/522
f 674/612/523 673/626/523 688/633/523 689/635/523
f 682/611/524 681/610/524 696/634/524 697/636/524
f 675/613/525 674/612/525 689/635/525 690/637/525
f 683/614/526 682/611/526 697/636/526 698/638/526
f 676/615/527 675/613/527 690/637/527 691/639/527
f 684/616/528 683/614/528 698/638/528 699/640/528
f 677/617/529 676/615/529 691/639/529 692/641/529
f 670/619/530 338/642/530 685/627/530
f 564/643/531 684/616/531 699/640/531
f 678/621/532 677/617/532 692/641/532 693/629/532
f 690/637/533 689/635/533 704/644/533 705/645/533
f 698/638/534 697/636/534 712/646/534 713/647/534
f 691/639/535 690/637/535 705/645/535 706/648/535
f 699/640/536 698/638/536 713/647/536 714/649/536
f 692/641/537 691/639/537 706/648/537 707/650/537
f 685/627/538 338/651/538 700/652/538
f 564/653/539 699/640/539 714/649/539
f 693/629/540 692/641/540 707/650/540 708/654/540
f 686/628/541 685/627/541 700/652/541 701/655/541
f 694/630/542 693/629/542 708/654/542 709/656/542
f 687/631/543 686/628/543 701/655/543 702/657/543
f 695/632/544 694/630/544 709/656/544 710/658/544
f 688/633/545 687/631/545 702/657/545 703/659/545
f 696/634/546 695/632/546 710/658/546 711/660/546
f 689/635/547 688/633/547 703/659/547 704/644/547
f 697/636/548 696/634/548 711/660/548 712/646/548
f 709/656/549 708/654/549 723/661/549 724/662/549
f 702/657/550 701/655/550 716/663/550 717/664/550
f 710/658/551 709/656/551 724/662/551 725/665/551
f 703/659/552 702/657/552 717/664/552 718/666/552
f 711/660/553 710/658/553 725/665/553 726/667/553
f 704/644/554 703/659/554 718/666/554 719/668/554
f 712/646/555 711/660/555 726/667/555 727/669/555
f 705/645/556 704/644/556 719/668/556 720/670/556
f 713/647/557 712/646/557 727/669/557 728/671/557
f 706/648/558 705/645/558 720/670/558 721/672/558
f 714/649/559 713/647/559 728/671/559 729/673/559
f 707/650/560 706/648/560 721/672/560 722/674/560
f 700/652/561 338/675/561 715/676/561
f 564/677/562 714/649/562 729/673/562
f 708/654/563 707/650/563 722/674/563 723/661/563
f 701/655/564 700/652/564 715/676/564 716/663/564
f 728/671/565 727/669/565 736/136/565 737/135/565
f 721/672/566 720/670/566 733/131/566 259/139/566
f 729/673/567 728/671/567 737/135/567 738/141/567
f 722/674/568 721/672/568 259/139/568 260/18/568
f 715/676/569 338/678/569 730/143/569
f 564/679/570 729/673/570 738/141/570
f 723/661/571 722/674/571 260/18/571 261/147/571
f 716/663/572 715/676/572 730/143/572 731/149/572
f 724/662/573 723/661/573 261/147/573 734/151/573
f 717/664/574 716/663/574 731/149/574 257/153/574
f 725/665/575 724/662/575 734/151/575 262/155/575
f 718/666/576 717/664/576 257/153/576 732/157/576
f 726/667/577 725/665/577 262/155/577 735/159/577
f 719/668/578 718/666/578 732/157/578 258/132/578
f 727/669/579 726/667/579 735/159/579 736/136/579
f 720/670/580 719/668/580 258/132/580 733/131/580
f 739/1/35 740/2/35 742/3/35 741/4/35
f 741/4/36 742/3/36 744/5/36 743/6/36
f 743/6/37 744/5/37 746/7/37 745/8/37
f 745/8/38 746/7/38 748/9/38 747/10/38
f 747/10/39 748/9/39 750/11/39 749/12/39
f 749/12/40 750/11/40 752/13/40 751/14/40
f 751/14/41 752/13/41 754/15/41 753/16/41
f 753/16/42 754/15/42 756/17/42 755/18/42
f 755/18/43 756/17/43 758/19/43 757/20/43
f 757/20/44 758/19/44 760/21/44 759/22/44
f 759/22/45 760/21/45 762/23/45 761/24/45
f 761/24/46 762/23/46 764/25/46 763/26/46
f 763/26/47 764/25/47 766/27/47 765/28/47
f 765/28/48 766/27/48 768/29/48 767/30/48
f 767/30/49 768/29/49 770/31/49 769/32/49
f 769/32/50 770/31/50 772/33/50 771/34/50
f 771/34/51 772/33/51 774/35/51 773/36/51
f 773/36/52 774/35/52 776/37/52 775/38/52
f 775/38/53 776/37/53 778/39/53 777/40/53
f 777/40/54 778/39/54 780/41/54 779/42/54
f 779/42/55 780/41/55 782/43/55 781/44/55
f 781/44/56 782/43/56 784/45/56 783/46/56
f 783/46/57 784/45/57 786/47/57 785/48/57
f 785/48/58 786/47/58 788/49/58 787/50/58
f 787/50/59 788/49/59 790/51/59 789/52/59
f 789/52/60 790/51/60 792/53/60 791/54/60
f 791/54/61 792/53/61 794/55/61 793/56/61
f 793/56/62 794/55/62 796/57/62 795/58/62
f 795/58/63 796/57/63 798/59/63 797/60/63
f 797/60/64 798/59/64 800/61/64 799/62/64
f 742/63/65 740/64/65 802/65/65 800/66/65 798/67/65 796/68/65 794/69/65 792/70/65 790/71/65 788/72/65 786/73/65 784/74/65 782/75/65 780/76/65 778/77/65 776/78/65 774/79/65 772/80/65 770/81/65 768/82/65 766/83/65 764/84/65 762/85/65 760/86/65 758/87/65 756/88/65 754/89/65 752/90/65 750/91/65 748/92/65 746/93/65 744/94/65
f 799/62/66 800/61/66 802/95/66 801/96/66
f 801/96/67 802/95/67 740/97/67 739/98/67
f 739/99/68 741/100/68 743/101/68 745/102/68 747/103/68 749/104/68 751/105/68 753/106/68 755/107/68 757/108/68 759/109/68 761/110/68 763/111/68 765/112/68 767/113/68 769/114/68 771/115/68 773/116/68 775/117/68 777/118/68 779/119/68 781/120/68 783/121/68 785/122/68 787/123/68 789/124/68 791/125/68 793/126/68 795/127/68 797/128/68 799/129/68 801/130/68
